X,Y,fid,gml_id,lokalnyId,przestrzenNazw,wersjaId,czyObiektBDOO,x_kod,x_skrKarto,x_katDoklGeom,x_doklGeom,x_doklGeom_uom,x_zrodloDanychG,x_zrodloDanychA,x_katIstnienia,x_rodzajReprGeom,x_aktualnoscG,x_aktualnoscA,poczatekWersjiObiektu,x_dataUtworzenia,x_kodKarto10k,x_kodKarto25k,x_kodKarto50k,x_kodKarto100k,x_kodKarto250k,x_kodKarto500k,x_kodKarto1000k,nazwa,idPRNG,idTerytGmi,idTerytMiejsc,liczbaMieszkancow,rodzaj,siedzibaUrzeduGminy,EMUiA|BT_ReferencjaDoObiektu|idIIP|BT_Identyfikator|lokalnyId,EMUiA|BT_ReferencjaDoObiektu|idIIP|BT_Identyfikator|przestrzenNazw,PRNG|BT_ReferencjaDoObiektu|idIIP|BT_Identyfikator|lokalnyId,PRNG|BT_ReferencjaDoObiektu|idIIP|BT_Identyfikator|przestrzenNazw,x_informDodatkowa,x_uwagi,layer,path,lmiesz,icon_url
23.5942336349765,53.3928477873198,"1",ID_2318,2ED380A7-CAE9-5AC4-E053-CA2BA8C0AB34,PL.PZGiK.335.BDOT10k,2021-09-13T00:00:00,fałsz,ADMS03,,Dok,"1",m,Ort,PRNG,,PU,2012-10-15,2019-10-10,2021-09-13T00:00:00,2012-11-15,,,,,,,,Bohoniki,"7843","2011083","40011","83",Ws,fałsz,"40011",PL.ZIPIN.1750,"7843",PL.PZGiK.204.PRNG,,,miasta1,C:/Users/Grzesiek/Desktop/inzynierka/materiały qgis/miasta1.gpkg|layername=miasta1,"83",./0.png
23.6080716792025,53.4235159710605,"2",ID_2321,2ED380A7-CAEA-5AC4-E053-CA2BA8C0AB34,PL.PZGiK.335.BDOT10k,2021-09-13T00:00:00,fałsz,ADMS03,,Dok,"1",m,Ort,PRNG,,PU,2012-10-15,2019-10-10,2021-09-13T00:00:00,2012-11-15,,,,,,,,Puciłki,"112903","2011083","40519","93",Ws,fałsz,"40519",PL.ZIPIN.1750,"112903",PL.PZGiK.204.PRNG,,,miasta1,C:/Users/Grzesiek/Desktop/inzynierka/materiały qgis/miasta1.gpkg|layername=miasta1,"93",./0.png
23.6213756847263,53.4046244723579,"3",ID_2324,2ED380A7-CAEB-5AC4-E053-CA2BA8C0AB34,PL.PZGiK.335.BDOT10k,2021-09-13T00:00:00,fałsz,ADMS03,,Dok,"1",m,Ort,PRNG,,PU,2012-10-15,2019-10-10,2021-09-13T00:00:00,2012-11-15,,,,,,,,Malawicze Górne,"75952","2011083","40360","52",Ws,fałsz,"40360",PL.ZIPIN.1750,"75952",PL.PZGiK.204.PRNG,,,miasta1,C:/Users/Grzesiek/Desktop/inzynierka/materiały qgis/miasta1.gpkg|layername=miasta1,"52",./0.png
23.5793083346213,53.4239415541709,"4",ID_2327,2ED380A7-CAEC-5AC4-E053-CA2BA8C0AB34,PL.PZGiK.335.BDOT10k,2021-09-13T00:00:00,fałsz,ADMS03,,Dok,"1",m,Ort,PRNG,,PU,2012-10-15,2019-10-10,2021-09-13T00:00:00,2012-11-15,,,,,,,,Orłowicze,"93614","2011083","40420","120",Ws,fałsz,"40420",PL.ZIPIN.1750,"93614",PL.PZGiK.204.PRNG,,,miasta1,C:/Users/Grzesiek/Desktop/inzynierka/materiały qgis/miasta1.gpkg|layername=miasta1,,./0.png
23.7295851449049,53.3195625791925,"9",ID_2408,2ED380A7-CB33-5AC4-E053-CA2BA8C0AB34,PL.PZGiK.335.BDOT10k,2021-09-13T00:00:00,fałsz,ADMS03,,Dok,"1",m,Ort,PRNG,,PU,2012-10-15,2019-10-10,2021-09-13T00:00:00,2012-11-15,,,,,,,,Harkawicze,"40842","2011102","41973","24",Ws,fałsz,"41973",PL.ZIPIN.3147,"40842",PL.PZGiK.204.PRNG,,,miasta1,C:/Users/Grzesiek/Desktop/inzynierka/materiały qgis/miasta1.gpkg|layername=miasta1,"24",./0.png
23.5043937829269,53.2960157629965,"11",ID_2183,2ED380A7-CC59-5AC4-E053-CA2BA8C0AB34,PL.PZGiK.335.BDOT10k,2021-09-13T00:00:00,fałsz,ADMS03,,Dok,"1",m,Ort,PRNG,,PU,2012-10-15,2019-10-10,2021-09-13T00:00:00,2012-11-15,,,,,,,,Łaźnisko,"72003","2011102","42056","56",Ws,fałsz,"42056",PL.ZIPIN.3147,"72003",PL.PZGiK.204.PRNG,,,miasta1,C:/Users/Grzesiek/Desktop/inzynierka/materiały qgis/miasta1.gpkg|layername=miasta1,"56",./0.png
23.7324865575,53.296925126003,"13",ID_2114,2ED380A7-CC05-5AC4-E053-CA2BA8C0AB34,PL.PZGiK.335.BDOT10k,2021-09-13T00:00:00,fałsz,ADMS03,,Dok,"1",m,Ort,PRNG,,PU,2012-10-15,2019-10-10,2021-09-13T00:00:00,2012-11-15,,,,,,,,Pierożki,"100691","2011102","42180","42",Ws,fałsz,"42180",PL.ZIPIN.3147,"100691",PL.PZGiK.204.PRNG,,,miasta1,C:/Users/Grzesiek/Desktop/inzynierka/materiały qgis/miasta1.gpkg|layername=miasta1,"42",./0.png
23.7049975719805,53.375100514044,"14",ID_2291,2ED380A7-CACA-5AC4-E053-CA2BA8C0AB34,PL.PZGiK.335.BDOT10k,2021-09-13T00:00:00,fałsz,ADMS03,,Dok,"1",m,Ort,PRNG,,PU,2012-10-15,2019-10-10,2021-09-13T00:00:00,2012-11-15,,,,,,,,Miszkieniki Wielkie,"81134","2011102","42100","77",Ws,fałsz,"42100",PL.ZIPIN.3147,"81134",PL.PZGiK.204.PRNG,,,miasta1,C:/Users/Grzesiek/Desktop/inzynierka/materiały qgis/miasta1.gpkg|layername=miasta1,"77",./0.png
23.7142046767717,53.3878027524491,"15",ID_2294,2ED380A7-CACB-5AC4-E053-CA2BA8C0AB34,PL.PZGiK.335.BDOT10k,2021-09-13T00:00:00,fałsz,ADMS03,,Dok,"1",m,Ort,PRNG,,PU,2012-10-15,2019-10-10,2021-09-13T00:00:00,2012-11-15,,,,,,,,Zubrzyca Wielka,"162409","2011102","42441","60",Ws,fałsz,"42441",PL.ZIPIN.3147,"162409",PL.PZGiK.204.PRNG,,,miasta1,C:/Users/Grzesiek/Desktop/inzynierka/materiały qgis/miasta1.gpkg|layername=miasta1,"60",./0.png
23.7285234458128,53.3788424594706,"16",ID_2297,2ED380A7-CACC-5AC4-E053-CA2BA8C0AB34,PL.PZGiK.335.BDOT10k,2021-09-13T00:00:00,fałsz,ADMS03,,Dok,"1",m,Ort,PRNG,,PU,2012-10-15,2019-10-10,2021-09-13T00:00:00,2012-11-15,,,,,,,,Zubrzyca Mała,"162408","2011102","42429","57",Ws,fałsz,"42429",PL.ZIPIN.3147,"162408",PL.PZGiK.204.PRNG,,,miasta1,C:/Users/Grzesiek/Desktop/inzynierka/materiały qgis/miasta1.gpkg|layername=miasta1,"57",./0.png
23.3945257760246,53.3414171218318,"17",ID_2228,2ED380A7-CC7E-5AC4-E053-CA2BA8C0AB34,PL.PZGiK.335.BDOT10k,2021-09-13T00:00:00,fałsz,ADMS03,,Dok,"1",m,Ort,PRNG,,PU,2012-10-15,2019-10-10,2021-09-13T00:00:00,2012-11-15,,,,,,,,Stara Moczalnia,"128265","2011083","40583","62",Ws,fałsz,"40583",PL.ZIPIN.1750,"128265",PL.PZGiK.204.PRNG,,,miasta1,C:/Users/Grzesiek/Desktop/inzynierka/materiały qgis/miasta1.gpkg|layername=miasta1,"62",./0.png
23.4317944747617,53.3864392360199,"23",ID_2333,2ED380A7-CAEE-5AC4-E053-CA2BA8C0AB34,PL.PZGiK.335.BDOT10k,2021-09-13T00:00:00,fałsz,ADMS03,,Dok,"1",m,Ort,PRNG,,PU,2012-10-15,2019-10-10,2021-09-13T00:00:00,2012-11-15,,,,,,,,Kundzicze,"65213","2011083","40235","98",Ws,fałsz,"40235",PL.ZIPIN.1750,"65213",PL.PZGiK.204.PRNG,,,miasta1,C:/Users/Grzesiek/Desktop/inzynierka/materiały qgis/miasta1.gpkg|layername=miasta1,"98",./0.png
23.5175796572977,53.352092780406,"25",ID_2231,2ED380A7-CC7F-5AC4-E053-CA2BA8C0AB34,PL.PZGiK.335.BDOT10k,2021-09-13T00:00:00,fałsz,ADMS03,,Dok,"1",m,Ort,PRNG,,PU,2012-10-15,2019-10-10,2021-09-13T00:00:00,2012-11-15,,,,,,,,Pawełki,"98487","2011083","40459","160",Ws,fałsz,"40459",PL.ZIPIN.1750,"98487",PL.PZGiK.204.PRNG,,,miasta1,C:/Users/Grzesiek/Desktop/inzynierka/materiały qgis/miasta1.gpkg|layername=miasta1,,./0.png
23.5016016723998,53.3466776321567,"26",ID_2234,2ED380A7-CC80-5AC4-E053-CA2BA8C0AB34,PL.PZGiK.335.BDOT10k,2021-09-13T00:00:00,fałsz,ADMS03,,Dok,"1",m,Ort,PRNG,,PU,2012-10-15,2019-10-10,2021-09-13T00:00:00,2012-11-15,,,,,,,,Bilwinki,"6037","2011083","39953","55",Ws,fałsz,"39953",PL.ZIPIN.1750,"6037",PL.PZGiK.204.PRNG,,,miasta1,C:/Users/Grzesiek/Desktop/inzynierka/materiały qgis/miasta1.gpkg|layername=miasta1,"55",./0.png
23.4033449653679,53.4517861659832,"27",ID_2342,2ED380A7-CAF1-5AC4-E053-CA2BA8C0AB34,PL.PZGiK.335.BDOT10k,2021-09-13T00:00:00,fałsz,ADMS03,,Dok,"1",m,Ort,PRNG,,PU,2012-10-15,2019-10-10,2021-09-13T00:00:00,2012-11-15,,,,,,,,Plebanowce,"102002","2011083","40471","125",Ws,fałsz,"40471",PL.ZIPIN.1750,"102002",PL.PZGiK.204.PRNG,,,miasta1,C:/Users/Grzesiek/Desktop/inzynierka/materiały qgis/miasta1.gpkg|layername=miasta1,,./0.png
23.6184481916907,53.2324394847823,"30",ID_2267,2ED380A7-CCA1-5AC4-E053-CA2BA8C0AB34,PL.PZGiK.335.BDOT10k,2021-09-13T00:00:00,fałsz,ADMS03,,Dok,"1",m,Ort,PRNG,,PU,2012-10-15,2019-10-10,2021-09-13T00:00:00,2012-11-15,,,,,,,,Sosnowik,"126847","2011102","42270","15",Ws,fałsz,"42270",PL.ZIPIN.3147,"126847",PL.PZGiK.204.PRNG,,,miasta1,C:/Users/Grzesiek/Desktop/inzynierka/materiały qgis/miasta1.gpkg|layername=miasta1,,./0.png
23.6402197240477,53.2591038996043,"31",ID_2270,2ED380A7-CCA2-5AC4-E053-CA2BA8C0AB34,PL.PZGiK.335.BDOT10k,2021-09-13T00:00:00,fałsz,ADMS03,,Dok,"1",m,Ort,PRNG,,PU,2012-10-15,2019-10-10,2021-09-13T00:00:00,2012-11-15,,,,,,,,Poczopek,"102972","2011102","42205","32",Ws,fałsz,"42205",PL.ZIPIN.3147,"102972",PL.PZGiK.204.PRNG,,,miasta1,C:/Users/Grzesiek/Desktop/inzynierka/materiały qgis/miasta1.gpkg|layername=miasta1,"32",./0.png
23.3420385855071,53.3571861870082,"34",ID_2243,2ED380A7-CC83-5AC4-E053-CA2BA8C0AB34,PL.PZGiK.335.BDOT10k,2021-09-13T00:00:00,fałsz,ADMS03,,Dok,"1",m,Ort,PRNG,,PU,2012-10-15,2019-10-10,2021-09-13T00:00:00,2012-11-15,,,,,,,,Jałówka,"43539","2011083","40130","79",Ws,fałsz,"40130",PL.ZIPIN.1750,"43539",PL.PZGiK.204.PRNG,,,miasta1,C:/Users/Grzesiek/Desktop/inzynierka/materiały qgis/miasta1.gpkg|layername=miasta1,"79",./0.png
23.3834886647753,53.383490914347,"38",ID_2366,2ED380A7-CB0F-5AC4-E053-CA2BA8C0AB34,PL.PZGiK.335.BDOT10k,2021-09-13T00:00:00,fałsz,ADMS03,,Dok,"1",m,Ort,PRNG,,PU,2012-10-15,2019-10-10,2021-09-13T00:00:00,2012-11-15,,,,,,,,Bachmatówka,"1547","2011083","39947","49",Ws,fałsz,"39947",PL.ZIPIN.1750,"1547",PL.PZGiK.204.PRNG,,,miasta1,C:/Users/Grzesiek/Desktop/inzynierka/materiały qgis/miasta1.gpkg|layername=miasta1,"49",./0.png
23.3814175528072,53.3552701157247,"39",ID_2369,2ED380A7-CB10-5AC4-E053-CA2BA8C0AB34,PL.PZGiK.335.BDOT10k,2021-09-13T00:00:00,fałsz,ADMS03,,Dok,"1",m,Ort,PRNG,,PU,2012-10-15,2019-10-10,2021-09-13T00:00:00,2012-11-15,,,,,,,,Wierzchjedlina,"147024","2011083","40703","28",Ws,fałsz,"40703",PL.ZIPIN.1750,"147024",PL.PZGiK.204.PRNG,,,miasta1,C:/Users/Grzesiek/Desktop/inzynierka/materiały qgis/miasta1.gpkg|layername=miasta1,"28",./0.png
23.5095100306378,53.4073907927161,"41",ID_2090,2ED380A7-CBE7-5AC4-E053-CA2BA8C0AB34,PL.PZGiK.335.BDOT10k,2021-09-13T00:00:00,fałsz,ADMS01,,Dok,"1",m,Ort,PRNG,,PU,2012-10-15,2019-10-10,2021-09-13T00:00:00,2012-11-15,,,,,,,,Sokółka,"126377","2011083","923443","17337",Ms,prawda,"923443",PL.ZIPIN.1750,"126377",PL.PZGiK.204.PRNG,,,miasta1,C:/Users/Grzesiek/Desktop/inzynierka/materiały qgis/miasta1.gpkg|layername=miasta1,,./0.png
23.5408175229985,53.412313624494,"42",ID_2093,2ED380A7-CBE8-5AC4-E053-CA2BA8C0AB34,PL.PZGiK.335.BDOT10k,2021-09-13T00:00:00,fałsz,ADMS02,,Dok,"1",m,Ort,PRNG,,PU,2012-10-15,2019-10-10,2021-09-13T00:00:00,2012-11-15,,,,,,,,Buchwałowo,"184178","2011083","923450","42",CMs,fałsz,"923450",PL.ZIPIN.1750,"184178",PL.PZGiK.204.PRNG,,,miasta1,C:/Users/Grzesiek/Desktop/inzynierka/materiały qgis/miasta1.gpkg|layername=miasta1,"42",./0.png
23.7542997118842,53.3373453651083,"43",ID_2414,2ED380A7-CB4A-5AC4-E053-CA2BA8C0AB34,PL.PZGiK.335.BDOT10k,2021-09-13T00:00:00,fałsz,ADMS03,,Dok,"1",m,Ort,PRNG,,PU,2012-10-15,2019-10-10,2021-09-13T00:00:00,2012-11-15,,,,,,,,Usnarz Górny,"143217","2011102","42375","65",Ws,fałsz,"42375",PL.ZIPIN.3147,"143217",PL.PZGiK.204.PRNG,,,miasta1,C:/Users/Grzesiek/Desktop/inzynierka/materiały qgis/miasta1.gpkg|layername=miasta1,"65",./0.png
23.4318331127903,53.373948073539,"44",ID_2372,2ED380A7-CB11-5AC4-E053-CA2BA8C0AB34,PL.PZGiK.335.BDOT10k,2021-09-13T00:00:00,fałsz,ADMS03,,Dok,"1",m,Ort,PRNG,,PU,2012-10-15,2019-10-10,2021-09-13T00:00:00,2012-11-15,,,,,,,,Geniusze,"32259","2011083","40040","141",Ws,fałsz,"40040",PL.ZIPIN.1750,"32259",PL.PZGiK.204.PRNG,,,miasta1,C:/Users/Grzesiek/Desktop/inzynierka/materiały qgis/miasta1.gpkg|layername=miasta1,,./0.png
23.4546748479245,53.3743545986092,"45",ID_2375,2ED380A7-CB12-5AC4-E053-CA2BA8C0AB34,PL.PZGiK.335.BDOT10k,2021-09-13T00:00:00,fałsz,ADMS03,,Dok,"1",m,Ort,PRNG,,PU,2012-10-15,2019-10-10,2021-09-13T00:00:00,2012-11-15,,,,,,,,Zawistowszczyzna,"160012","2011083","40821","60",Ws,fałsz,"40821",PL.ZIPIN.1750,"160012",PL.PZGiK.204.PRNG,,,miasta1,C:/Users/Grzesiek/Desktop/inzynierka/materiały qgis/miasta1.gpkg|layername=miasta1,"60",./0.png
23.5721257617156,53.2809437732367,"47",ID_2198,2ED380A7-CC5E-5AC4-E053-CA2BA8C0AB34,PL.PZGiK.335.BDOT10k,2021-09-13T00:00:00,fałsz,ADMS03,,Dok,"1",m,Ort,PRNG,,PU,2012-10-15,2019-10-10,2021-09-13T00:00:00,2012-11-15,,,,,,,,Rowek,"116817","2011102","42010","2",Ws,fałsz,"42010",PL.ZIPIN.3147,"116817",PL.PZGiK.204.PRNG,,,miasta1,C:/Users/Grzesiek/Desktop/inzynierka/materiały qgis/miasta1.gpkg|layername=miasta1,,./0.png
23.5955416499549,53.2874978957782,"48",ID_2201,2ED380A7-CC5F-5AC4-E053-CA2BA8C0AB34,PL.PZGiK.335.BDOT10k,2021-09-13T00:00:00,fałsz,ADMS03,,Dok,"1",m,Ort,PRNG,,PU,2012-10-15,2019-10-10,2021-09-13T00:00:00,2012-11-15,,,,,,,,Kozłowy Ług,"60765","2011102","42033","44",Ws,fałsz,"42033",PL.ZIPIN.3147,"60765",PL.PZGiK.204.PRNG,,,miasta1,C:/Users/Grzesiek/Desktop/inzynierka/materiały qgis/miasta1.gpkg|layername=miasta1,"44",./0.png
23.585656346043,53.265428012003,"49",ID_2204,2ED380A7-CC60-5AC4-E053-CA2BA8C0AB34,PL.PZGiK.335.BDOT10k,2021-09-13T00:00:00,fałsz,ADMS03,,Dok,"1",m,Ort,PRNG,,PU,2012-10-15,2019-10-10,2021-09-13T00:00:00,2012-11-15,,,,,,,,Stare Trzciano,"129395","2011102","42369","13",Ws,fałsz,"42369",PL.ZIPIN.3147,"129395",PL.PZGiK.204.PRNG,,,miasta1,C:/Users/Grzesiek/Desktop/inzynierka/materiały qgis/miasta1.gpkg|layername=miasta1,,./0.png
23.5119853043811,53.4667035565289,"50",ID_1454,2ED380A7-CB76-5AC4-E053-CA2BA8C0AB34,PL.PZGiK.335.BDOT10k,2021-09-13T00:00:00,fałsz,ADMS03,,Dok,"1",m,Ort,PRNG,,PU,2012-10-15,2019-10-10,2021-09-13T00:00:00,2012-11-15,,,,,,,,Gliniszcze Wielkie,"32980","2011083","40086","125",Ws,fałsz,"40086",PL.ZIPIN.1750,"32980",PL.PZGiK.204.PRNG,,,miasta1,C:/Users/Grzesiek/Desktop/inzynierka/materiały qgis/miasta1.gpkg|layername=miasta1,,./0.png
23.4819149053834,53.4595126171206,"51",ID_1457,2ED380A7-CB77-5AC4-E053-CA2BA8C0AB34,PL.PZGiK.335.BDOT10k,2021-09-13T00:00:00,fałsz,ADMS03,,Dok,"1",m,Ort,PRNG,,PU,2012-10-15,2019-10-10,2021-09-13T00:00:00,2012-11-15,,,,,,,,Woroniany,"150841","2011083","40755","88",Ws,fałsz,"40755",PL.ZIPIN.1750,"150841",PL.PZGiK.204.PRNG,,,miasta1,C:/Users/Grzesiek/Desktop/inzynierka/materiały qgis/miasta1.gpkg|layername=miasta1,"88",./0.png
23.4713422938634,53.4671669280372,"52",ID_1460,2ED380A7-CB78-5AC4-E053-CA2BA8C0AB34,PL.PZGiK.335.BDOT10k,2021-09-13T00:00:00,fałsz,ADMS03,,Dok,"1",m,Ort,PRNG,,PU,2012-10-15,2019-10-10,2021-09-13T00:00:00,2012-11-15,,,,,,,,Sokolany,"126178","2011083","40560","232",Ws,fałsz,"40560",PL.ZIPIN.1750,"126178",PL.PZGiK.204.PRNG,,,miasta1,C:/Users/Grzesiek/Desktop/inzynierka/materiały qgis/miasta1.gpkg|layername=miasta1,"232",./0.png
23.7559312231375,53.3276772531615,"55",ID_2411,2ED380A7-CB54-5AC4-E053-CA2BA8C0AB34,PL.PZGiK.335.BDOT10k,2021-09-13T00:00:00,fałsz,ADMS03,,Dok,"1",m,Ort,PRNG,,PU,2012-10-15,2019-10-10,2021-09-13T00:00:00,2012-11-15,,,,,,,,Grzybowszczyzna,"40028","2011102","41967","23",Ws,fałsz,"41967",PL.ZIPIN.3147,"40028",PL.PZGiK.204.PRNG,,,miasta1,C:/Users/Grzesiek/Desktop/inzynierka/materiały qgis/miasta1.gpkg|layername=miasta1,"23",./0.png
23.4928016665728,53.3549310658818,"59",ID_2378,2ED380A7-CB29-5AC4-E053-CA2BA8C0AB34,PL.PZGiK.335.BDOT10k,2021-09-13T00:00:00,fałsz,ADMS03,,Dok,"1",m,Ort,PRNG,,PU,2012-10-15,2019-10-10,2021-09-13T00:00:00,2012-11-15,,,,,,,,Słojniki,"124552","2011083","40531","168",Ws,fałsz,"40531",PL.ZIPIN.1750,"124552",PL.PZGiK.204.PRNG,,,miasta1,C:/Users/Grzesiek/Desktop/inzynierka/materiały qgis/miasta1.gpkg|layername=miasta1,,./0.png
23.44258376454,53.365411527528,"62",ID_2237,2ED380A7-CC81-5AC4-E053-CA2BA8C0AB34,PL.PZGiK.335.BDOT10k,2021-09-13T00:00:00,fałsz,ADMS03,,Dok,"1",m,Ort,PRNG,,PU,2012-10-15,2019-10-10,2021-09-13T00:00:00,2012-11-15,,,,,,,,Igryły,"42393","2011083","40123","141",Ws,fałsz,"40123",PL.ZIPIN.1750,"42393",PL.PZGiK.204.PRNG,,,miasta1,C:/Users/Grzesiek/Desktop/inzynierka/materiały qgis/miasta1.gpkg|layername=miasta1,,./0.png
23.3227409839672,53.3556367853801,"63",ID_2240,2ED380A7-CC82-5AC4-E053-CA2BA8C0AB34,PL.PZGiK.335.BDOT10k,2021-09-13T00:00:00,fałsz,ADMS03,,Dok,"1",m,Ort,PRNG,,PU,2012-10-15,2019-10-10,2021-09-13T00:00:00,2012-11-15,,,,,,,,Stary Szor,"130075","2011083","40620","36",Ws,fałsz,"40620",PL.ZIPIN.1750,"130075",PL.PZGiK.204.PRNG,,,miasta1,C:/Users/Grzesiek/Desktop/inzynierka/materiały qgis/miasta1.gpkg|layername=miasta1,"36",./0.png
23.5271196909026,53.3080982790431,"64",ID_2186,2ED380A7-CC5A-5AC4-E053-CA2BA8C0AB34,PL.PZGiK.335.BDOT10k,2021-09-13T00:00:00,fałsz,ADMS03,,Dok,"1",m,Ort,PRNG,,PU,2012-10-15,2019-10-10,2021-09-13T00:00:00,2012-11-15,,,,,,,,Wierzchlesie,"147033","2011102","42381","301",Ws,fałsz,"42381",PL.ZIPIN.3147,"147033",PL.PZGiK.204.PRNG,,,miasta1,C:/Users/Grzesiek/Desktop/inzynierka/materiały qgis/miasta1.gpkg|layername=miasta1,"301",./0.png
23.529103001064,53.2094316474086,"65",ID_2189,2ED380A7-CC5B-5AC4-E053-CA2BA8C0AB34,PL.PZGiK.335.BDOT10k,2021-09-13T00:00:00,fałsz,ADMS03,,Dok,"1",m,Ort,PRNG,,PU,2012-10-15,2019-10-10,2021-09-13T00:00:00,2012-11-15,,,,,,,,Lipowy Most,"69128","2011102","42040","21",Ws,fałsz,"42040",PL.ZIPIN.3147,"69128",PL.PZGiK.204.PRNG,,,miasta1,C:/Users/Grzesiek/Desktop/inzynierka/materiały qgis/miasta1.gpkg|layername=miasta1,"21",./0.png
23.5674411335257,53.2586661581287,"66",ID_2192,2ED380A7-CC5C-5AC4-E053-CA2BA8C0AB34,PL.PZGiK.335.BDOT10k,2021-09-13T00:00:00,fałsz,ADMS03,,Dok,"1",m,Ort,PRNG,,PU,2012-10-15,2019-10-10,2021-09-13T00:00:00,2012-11-15,,,,,,,,Nowe Trzciano,"89195","2011102","42116","63",Ws,fałsz,"42116",PL.ZIPIN.3147,"89195",PL.PZGiK.204.PRNG,,,miasta1,C:/Users/Grzesiek/Desktop/inzynierka/materiały qgis/miasta1.gpkg|layername=miasta1,"63",./0.png
23.6061866046044,53.2911201898135,"67",ID_2207,2ED380A7-CC61-5AC4-E053-CA2BA8C0AB34,PL.PZGiK.335.BDOT10k,2021-09-13T00:00:00,fałsz,ADMS03,,Dok,"1",m,Ort,PRNG,,PU,2012-10-15,2019-10-10,2021-09-13T00:00:00,2012-11-15,,,,,,,,Boratyńszczyzna,"8166","2011102","41921","36",Ws,fałsz,"41921",PL.ZIPIN.3147,"8166",PL.PZGiK.204.PRNG,,,miasta1,C:/Users/Grzesiek/Desktop/inzynierka/materiały qgis/miasta1.gpkg|layername=miasta1,"36",./0.png
23.4521339740986,53.3452325141526,"68",ID_2210,2ED380A7-CC62-5AC4-E053-CA2BA8C0AB34,PL.PZGiK.335.BDOT10k,2021-09-13T00:00:00,fałsz,ADMS03,,Dok,"1",m,Ort,PRNG,,PU,2012-10-15,2019-10-10,2021-09-13T00:00:00,2012-11-15,,,,,,,,Planteczka,"101908","2011083","40465","92",Ws,fałsz,"40465",PL.ZIPIN.1750,"101908",PL.PZGiK.204.PRNG,,,miasta1,C:/Users/Grzesiek/Desktop/inzynierka/materiały qgis/miasta1.gpkg|layername=miasta1,"92",./0.png
23.7454487049196,53.3714166645076,"69",ID_2300,2ED380A7-CACD-5AC4-E053-CA2BA8C0AB34,PL.PZGiK.335.BDOT10k,2021-09-13T00:00:00,fałsz,ADMS03,,Dok,"1",m,Ort,PRNG,,PU,2012-10-15,2019-10-10,2021-09-13T00:00:00,2012-11-15,,,,,,,,Minkowce,"80891","2011102","42091","143",Ws,fałsz,"42091",PL.ZIPIN.3147,"80891",PL.PZGiK.204.PRNG,,,miasta1,C:/Users/Grzesiek/Desktop/inzynierka/materiały qgis/miasta1.gpkg|layername=miasta1,,./0.png
23.6352907312625,53.4318606638848,"70",ID_2306,2ED380A7-CACF-5AC4-E053-CA2BA8C0AB34,PL.PZGiK.335.BDOT10k,2021-09-13T00:00:00,fałsz,ADMS03,,Dok,"1",m,Ort,PRNG,,PU,2012-10-15,2019-10-10,2021-09-13T00:00:00,2012-11-15,,,,,,,,Poniatowicze,"107987","2011083","40502","108",Ws,fałsz,"40502",PL.ZIPIN.1750,"107987",PL.PZGiK.204.PRNG,,,miasta1,C:/Users/Grzesiek/Desktop/inzynierka/materiały qgis/miasta1.gpkg|layername=miasta1,,./0.png
23.5952110624324,53.2755050521597,"71",ID_2261,2ED380A7-CC9F-5AC4-E053-CA2BA8C0AB34,PL.PZGiK.335.BDOT10k,2021-09-13T00:00:00,fałsz,ADMS03,,Dok,"1",m,Ort,PRNG,,PU,2012-10-15,2019-10-10,2021-09-13T00:00:00,2012-11-15,,,,,,,,Słójka-Borowszczyzna,"124874","2011102","42263","30",Ws,fałsz,"42263",PL.ZIPIN.3147,"124874",PL.PZGiK.204.PRNG,,,miasta1,C:/Users/Grzesiek/Desktop/inzynierka/materiały qgis/miasta1.gpkg|layername=miasta1,"30",./0.png
23.5654008444168,53.4513889125232,"72",ID_2345,2ED380A7-CB08-5AC4-E053-CA2BA8C0AB34,PL.PZGiK.335.BDOT10k,2021-09-13T00:00:00,fałsz,ADMS03,,Dok,"1",m,Ort,PRNG,,PU,2012-10-15,2019-10-10,2021-09-13T00:00:00,2012-11-15,,,,,,,,Zadworzany,"155561","2011083","40778","122",Ws,fałsz,"40778",PL.ZIPIN.1750,"155561",PL.PZGiK.204.PRNG,,,miasta1,C:/Users/Grzesiek/Desktop/inzynierka/materiały qgis/miasta1.gpkg|layername=miasta1,,./0.png
23.4838307644118,53.4329059877438,"73",ID_2348,2ED380A7-CB09-5AC4-E053-CA2BA8C0AB34,PL.PZGiK.335.BDOT10k,2021-09-13T00:00:00,fałsz,ADMS03,,Dok,"1",m,Ort,PRNG,,PU,2012-10-15,2019-10-10,2021-09-13T00:00:00,2012-11-15,,,,,,,,Kraśniany,"61519","2011083","40212","294",Ws,fałsz,"40212",PL.ZIPIN.1750,"61519",PL.PZGiK.204.PRNG,,,miasta1,C:/Users/Grzesiek/Desktop/inzynierka/materiały qgis/miasta1.gpkg|layername=miasta1,"294",./0.png
23.4357421883911,53.412484012019,"74",ID_2351,2ED380A7-CB0A-5AC4-E053-CA2BA8C0AB34,PL.PZGiK.335.BDOT10k,2021-09-13T00:00:00,fałsz,ADMS03,,Dok,"1",m,Ort,PRNG,,PU,2012-10-15,2019-10-10,2021-09-13T00:00:00,2012-11-15,,,,,,,,Bogusze,"7774","2011083","39976","443",Ws,fałsz,"39976",PL.ZIPIN.1750,"7774",PL.PZGiK.204.PRNG,,,miasta1,C:/Users/Grzesiek/Desktop/inzynierka/materiały qgis/miasta1.gpkg|layername=miasta1,"443",./0.png
23.3449437293802,53.4071536505625,"75",ID_2354,2ED380A7-CB0B-5AC4-E053-CA2BA8C0AB34,PL.PZGiK.335.BDOT10k,2021-09-13T00:00:00,fałsz,ADMS03,,Dok,"1",m,Ort,PRNG,,PU,2012-10-15,2019-10-10,2021-09-13T00:00:00,2012-11-15,,,,,,,,Lebiedzin,"66869","2011083","40287","92",Ws,fałsz,"40287",PL.ZIPIN.1750,"66869",PL.PZGiK.204.PRNG,,,miasta1,C:/Users/Grzesiek/Desktop/inzynierka/materiały qgis/miasta1.gpkg|layername=miasta1,"92",./0.png
23.5905190870038,53.2641358537876,"80",ID_2264,2ED380A7-CCA0-5AC4-E053-CA2BA8C0AB34,PL.PZGiK.335.BDOT10k,2021-09-13T00:00:00,fałsz,ADMS03,,Dok,"1",m,Ort,PRNG,,PU,2012-10-15,2019-10-10,2021-09-13T00:00:00,2012-11-15,,,,,,,,Talkowszczyzna,"138707","2011102","42346","69",Ws,fałsz,"42346",PL.ZIPIN.3147,"138707",PL.PZGiK.204.PRNG,,,miasta1,C:/Users/Grzesiek/Desktop/inzynierka/materiały qgis/miasta1.gpkg|layername=miasta1,"69",./0.png
23.7028147023191,53.3920250556796,"81",ID_2282,2ED380A7-CAC7-5AC4-E053-CA2BA8C0AB34,PL.PZGiK.335.BDOT10k,2021-09-13T00:00:00,fałsz,ADMS03,,Dok,"1",m,Ort,PRNG,,PU,2012-10-15,2019-10-10,2021-09-13T00:00:00,2012-11-15,,,,,,,,Wojnowce,"149641","2011102","42412","116",Ws,fałsz,"42412",PL.ZIPIN.3147,"149641",PL.PZGiK.204.PRNG,,,miasta1,C:/Users/Grzesiek/Desktop/inzynierka/materiały qgis/miasta1.gpkg|layername=miasta1,,./0.png
23.4024864079666,53.349554357489,"82",ID_2213,2ED380A7-CC79-5AC4-E053-CA2BA8C0AB34,PL.PZGiK.335.BDOT10k,2021-09-13T00:00:00,fałsz,ADMS03,,Dok,"1",m,Ort,PRNG,,PU,2012-10-15,2019-10-10,2021-09-13T00:00:00,2012-11-15,,,,,,,,Podkamionka,"104795","2011083","40488","110",Ws,fałsz,"40488",PL.ZIPIN.1750,"104795",PL.PZGiK.204.PRNG,,,miasta1,C:/Users/Grzesiek/Desktop/inzynierka/materiały qgis/miasta1.gpkg|layername=miasta1,,./0.png
23.336548771229,53.3685818214424,"87",ID_2357,2ED380A7-CB0C-5AC4-E053-CA2BA8C0AB34,PL.PZGiK.335.BDOT10k,2021-09-13T00:00:00,fałsz,ADMS03,,Dok,"1",m,Ort,PRNG,,PU,2012-10-15,2019-10-10,2021-09-13T00:00:00,2012-11-15,,,,,,,,Stara Rozedranka,"128364","2011083","40608","175",Ws,fałsz,"40608",PL.ZIPIN.1750,"128364",PL.PZGiK.204.PRNG,,,miasta1,C:/Users/Grzesiek/Desktop/inzynierka/materiały qgis/miasta1.gpkg|layername=miasta1,,./0.png
23.3621811132375,53.3615297810854,"88",ID_2420,2ED380A7-CB4C-5AC4-E053-CA2BA8C0AB34,PL.PZGiK.335.BDOT10k,2021-09-13T00:00:00,fałsz,ADMS03,,Dok,"1",m,Ort,PRNG,,PU,2012-10-15,2019-10-10,2021-09-13T00:00:00,2012-11-15,,,,,,,,Nowa Rozedranka,"88113","2011083","40413","152",Ws,fałsz,"40413",PL.ZIPIN.1750,"88113",PL.PZGiK.204.PRNG,,,miasta1,C:/Users/Grzesiek/Desktop/inzynierka/materiały qgis/miasta1.gpkg|layername=miasta1,,./0.png
23.4350922530439,53.4488608382768,"89",ID_2423,2ED380A7-CB4D-5AC4-E053-CA2BA8C0AB34,PL.PZGiK.335.BDOT10k,2021-09-13T00:00:00,fałsz,ADMS03,,Dok,"1",m,Ort,PRNG,,PU,2012-10-15,2019-10-10,2021-09-13T00:00:00,2012-11-15,,,,,,,,Żuki,"164081","2011083","40838","49",Ws,fałsz,"40838",PL.ZIPIN.1750,"164081",PL.PZGiK.204.PRNG,,,miasta1,C:/Users/Grzesiek/Desktop/inzynierka/materiały qgis/miasta1.gpkg|layername=miasta1,"49",./0.png
23.6350551056506,53.3721984570767,"90",ID_2396,2ED380A7-CB2F-5AC4-E053-CA2BA8C0AB34,PL.PZGiK.335.BDOT10k,2021-09-13T00:00:00,fałsz,ADMS03,,Dok,"1",m,Ort,PRNG,,PU,2012-10-15,2019-10-10,2021-09-13T00:00:00,2012-11-15,,,,,,,,Horczaki,"41466","2011102","994414","87",Ws,fałsz,"994414",PL.ZIPIN.3147,"41466",PL.PZGiK.204.PRNG,nazwa historyczna: Horczaki Dolne/Horczaki Górne,,miasta1,C:/Users/Grzesiek/Desktop/inzynierka/materiały qgis/miasta1.gpkg|layername=miasta1,"87",./0.png
23.6556103094013,53.3615450917161,"91",ID_2399,2ED380A7-CB30-5AC4-E053-CA2BA8C0AB34,PL.PZGiK.335.BDOT10k,2021-09-13T00:00:00,fałsz,ADMS03,,Dok,"1",m,Ort,PRNG,,PU,2012-10-15,2019-10-10,2021-09-13T00:00:00,2012-11-15,,,,,,,,Suchynicze,"133288","2011102","42286","76",Ws,fałsz,"42286",PL.ZIPIN.3147,"133288",PL.PZGiK.204.PRNG,,,miasta1,C:/Users/Grzesiek/Desktop/inzynierka/materiały qgis/miasta1.gpkg|layername=miasta1,"76",./0.png
23.6667729663827,53.3335614822407,"92",ID_2402,2ED380A7-CB31-5AC4-E053-CA2BA8C0AB34,PL.PZGiK.335.BDOT10k,2021-09-13T00:00:00,fałsz,ADMS03,,Dok,"1",m,Ort,PRNG,,PU,2012-10-15,2019-10-10,2021-09-13T00:00:00,2012-11-15,,,,,,,,Knyszewicze,"54833","2011102","42027","72",Ws,fałsz,"42027",PL.ZIPIN.3147,"54833",PL.PZGiK.204.PRNG,,,miasta1,C:/Users/Grzesiek/Desktop/inzynierka/materiały qgis/miasta1.gpkg|layername=miasta1,"72",./0.png
23.6994167016303,53.3587190257328,"93",ID_2405,2ED380A7-CB32-5AC4-E053-CA2BA8C0AB34,PL.PZGiK.335.BDOT10k,2021-09-13T00:00:00,fałsz,ADMS03,,Dok,"1",m,Ort,PRNG,,PU,2012-10-15,2019-10-10,2021-09-13T00:00:00,2012-11-15,,,,,,,,Babiki,"1418","2011102","41890","93",Ws,fałsz,"41890",PL.ZIPIN.3147,"1418",PL.PZGiK.204.PRNG,,,miasta1,C:/Users/Grzesiek/Desktop/inzynierka/materiały qgis/miasta1.gpkg|layername=miasta1,"93",./0.png
23.7000836004576,53.282709488515,"94",ID_2111,2ED380A7-CBEE-5AC4-E053-CA2BA8C0AB34,PL.PZGiK.335.BDOT10k,2021-09-13T00:00:00,fałsz,ADMS03,,Dok,"1",m,Ort,PRNG,,PU,2012-10-15,2019-10-10,2021-09-13T00:00:00,2012-11-15,,,,,,,,Ostrówek,"95470","2011102","42174","64",Ws,fałsz,"42174",PL.ZIPIN.3147,"95470",PL.PZGiK.204.PRNG,,,miasta1,C:/Users/Grzesiek/Desktop/inzynierka/materiały qgis/miasta1.gpkg|layername=miasta1,"64",./0.png
23.6255860574851,53.4130981553497,"95",ID_2309,2ED380A7-CAD0-5AC4-E053-CA2BA8C0AB34,PL.PZGiK.335.BDOT10k,2021-09-13T00:00:00,fałsz,ADMS03,,Dok,"1",m,Ort,PRNG,,PU,2012-10-15,2019-10-10,2021-09-13T00:00:00,2012-11-15,,,,,,,,Malawicze Dolne,"75950","2011083","40353","123",Ws,fałsz,"40353",PL.ZIPIN.1750,"75950",PL.PZGiK.204.PRNG,,,miasta1,C:/Users/Grzesiek/Desktop/inzynierka/materiały qgis/miasta1.gpkg|layername=miasta1,,./0.png
23.3568233870523,53.3789558302842,"98",ID_2360,2ED380A7-CB0D-5AC4-E053-CA2BA8C0AB34,PL.PZGiK.335.BDOT10k,2021-09-13T00:00:00,fałsz,ADMS03,,Dok,"1",m,Ort,PRNG,,PU,2012-10-15,2019-10-10,2021-09-13T00:00:00,2012-11-15,,,,,,,,Smolanka,"125226","2011083","40554","88",Ws,fałsz,"40554",PL.ZIPIN.1750,"125226",PL.PZGiK.204.PRNG,,,miasta1,C:/Users/Grzesiek/Desktop/inzynierka/materiały qgis/miasta1.gpkg|layername=miasta1,"88",./0.png
23.5056136196524,53.4825354486889,"99",ID_1439,2ED380A7-CB5B-5AC4-E053-CA2BA8C0AB34,PL.PZGiK.335.BDOT10k,2021-09-13T00:00:00,fałsz,ADMS03,,Dok,"1",m,Ort,PRNG,,PU,2012-10-15,2019-10-10,2021-09-13T00:00:00,2012-11-15,,,,,,,,Gliniszcze Małe,"32978","2011083","40070","79",Ws,fałsz,"40070",PL.ZIPIN.1750,"32978",PL.PZGiK.204.PRNG,,,miasta1,C:/Users/Grzesiek/Desktop/inzynierka/materiały qgis/miasta1.gpkg|layername=miasta1,"79",./0.png
23.443385846981,53.3240051791683,"100",ID_2249,2ED380A7-CC9B-5AC4-E053-CA2BA8C0AB34,PL.PZGiK.335.BDOT10k,2021-09-13T00:00:00,fałsz,ADMS03,,Dok,"1",m,Ort,PRNG,,PU,2012-10-15,2019-10-10,2021-09-13T00:00:00,2012-11-15,,,,,,,,Lipina,"68595","2011083","40318","259",Ws,fałsz,"40318",PL.ZIPIN.1750,"68595",PL.PZGiK.204.PRNG,,,miasta1,C:/Users/Grzesiek/Desktop/inzynierka/materiały qgis/miasta1.gpkg|layername=miasta1,"259",./0.png
23.5611898117813,53.2765030327316,"101",ID_2252,2ED380A7-CC9C-5AC4-E053-CA2BA8C0AB34,PL.PZGiK.335.BDOT10k,2021-09-13T00:00:00,fałsz,ADMS03,,Dok,"1",m,Ort,PRNG,,PU,2012-10-15,2019-10-10,2021-09-13T00:00:00,2012-11-15,,,,,,,,Jeziorek,"46558","2011102","42004","35",Ws,fałsz,"42004",PL.ZIPIN.3147,"46558",PL.PZGiK.204.PRNG,,,miasta1,C:/Users/Grzesiek/Desktop/inzynierka/materiały qgis/miasta1.gpkg|layername=miasta1,"35",./0.png
23.6222291405587,53.296746713182,"102",ID_2255,2ED380A7-CC9D-5AC4-E053-CA2BA8C0AB34,PL.PZGiK.335.BDOT10k,2021-09-13T00:00:00,fałsz,ADMS03,,Dok,"1",m,Ort,PRNG,,PU,2012-10-15,2019-10-10,2021-09-13T00:00:00,2012-11-15,,,,,,,,Nowinka,"89342","2011102","42139","37",Ws,fałsz,"42139",PL.ZIPIN.3147,"89342",PL.PZGiK.204.PRNG,,,miasta1,C:/Users/Grzesiek/Desktop/inzynierka/materiały qgis/miasta1.gpkg|layername=miasta1,"37",./0.png
23.6228870301981,53.2841657022907,"103",ID_2258,2ED380A7-CC9E-5AC4-E053-CA2BA8C0AB34,PL.PZGiK.335.BDOT10k,2021-09-13T00:00:00,fałsz,ADMS03,,Dok,"1",m,Ort,PRNG,,PU,2012-10-15,2019-10-10,2021-09-13T00:00:00,2012-11-15,,,,,,,,Biały Ług,"4975","2011102","41915","2",Ws,fałsz,"41915",PL.ZIPIN.3147,"4975",PL.PZGiK.204.PRNG,,,miasta1,C:/Users/Grzesiek/Desktop/inzynierka/materiały qgis/miasta1.gpkg|layername=miasta1,,./0.png
23.4434698117132,53.436668190237,"104",ID_2426,2ED380A7-CB4E-5AC4-E053-CA2BA8C0AB34,PL.PZGiK.335.BDOT10k,2021-09-13T00:00:00,fałsz,ADMS03,,Dok,"1",m,Ort,PRNG,,PU,2012-10-15,2019-10-10,2021-09-13T00:00:00,2012-11-15,,,,,,,,Sierbowce,"122440","2011083","40525","58",Ws,fałsz,"40525",PL.ZIPIN.1750,"122440",PL.PZGiK.204.PRNG,,,miasta1,C:/Users/Grzesiek/Desktop/inzynierka/materiały qgis/miasta1.gpkg|layername=miasta1,"58",./0.png
23.3792737085064,53.332027232095,"109",ID_2246,2ED380A7-CC9A-5AC4-E053-CA2BA8C0AB34,PL.PZGiK.335.BDOT10k,2021-09-13T00:00:00,fałsz,ADMS03,,Dok,"1",m,Ort,PRNG,,PU,2012-10-15,2019-10-10,2021-09-13T00:00:00,2012-11-15,,,,,,,,Straż,"131725","2011083","40643","132",Ws,fałsz,"40643",PL.ZIPIN.1750,"131725",PL.PZGiK.204.PRNG,,,miasta1,C:/Users/Grzesiek/Desktop/inzynierka/materiały qgis/miasta1.gpkg|layername=miasta1,,./0.png
23.4425517369669,53.3537894770952,"110",ID_2216,2ED380A7-CC7A-5AC4-E053-CA2BA8C0AB34,PL.PZGiK.335.BDOT10k,2021-09-13T00:00:00,fałsz,ADMS03,,Dok,"1",m,Ort,PRNG,,PU,2012-10-15,2019-10-10,2021-09-13T00:00:00,2012-11-15,,,,,,,,Jelenia Góra,"46061","2011083","40181","70",Ws,fałsz,"40181",PL.ZIPIN.1750,"46061",PL.PZGiK.204.PRNG,,,miasta1,C:/Users/Grzesiek/Desktop/inzynierka/materiały qgis/miasta1.gpkg|layername=miasta1,"70",./0.png
23.4205328380203,53.3489627503192,"111",ID_2219,2ED380A7-CC7B-5AC4-E053-CA2BA8C0AB34,PL.PZGiK.335.BDOT10k,2021-09-13T00:00:00,fałsz,ADMS03,,Dok,"1",m,Ort,PRNG,,PU,2012-10-15,2019-10-10,2021-09-13T00:00:00,2012-11-15,,,,,,,,Janowszczyzna,"44210","2011083","40152","137",Ws,fałsz,"40152",PL.ZIPIN.1750,"44210",PL.PZGiK.204.PRNG,,,miasta1,C:/Users/Grzesiek/Desktop/inzynierka/materiały qgis/miasta1.gpkg|layername=miasta1,,./0.png
23.465774488248,53.3556361331461,"112",ID_2222,2ED380A7-CC7C-5AC4-E053-CA2BA8C0AB34,PL.PZGiK.335.BDOT10k,2021-09-13T00:00:00,fałsz,ADMS03,,Dok,"1",m,Ort,PRNG,,PU,2012-10-15,2019-10-10,2021-09-13T00:00:00,2012-11-15,,,,,,,,Wysokie Laski,"153680","2011083","40761","31",Ws,fałsz,"40761",PL.ZIPIN.1750,"153680",PL.PZGiK.204.PRNG,,,miasta1,C:/Users/Grzesiek/Desktop/inzynierka/materiały qgis/miasta1.gpkg|layername=miasta1,"31",./0.png
23.5567963909011,53.3855019854951,"115",ID_2387,2ED380A7-CB2C-5AC4-E053-CA2BA8C0AB34,PL.PZGiK.335.BDOT10k,2021-09-13T00:00:00,fałsz,ADMS03,,Dok,"1",m,Ort,PRNG,,PU,2012-10-15,2019-10-10,2021-09-13T00:00:00,2012-11-15,,,,,,,,Drahle,"26099","2011083","40028","145",Ws,fałsz,"40028",PL.ZIPIN.1750,"26099",PL.PZGiK.204.PRNG,,,miasta1,C:/Users/Grzesiek/Desktop/inzynierka/materiały qgis/miasta1.gpkg|layername=miasta1,,./0.png
23.5590239459418,53.3641323484834,"116",ID_2390,2ED380A7-CB2D-5AC4-E053-CA2BA8C0AB34,PL.PZGiK.335.BDOT10k,2021-09-13T00:00:00,fałsz,ADMS03,,Dok,"1",m,Ort,PRNG,,PU,2012-10-15,2019-10-10,2021-09-13T00:00:00,2012-11-15,,,,,,,,Stara Kamionka,"128185","2011083","40577","530",Ws,fałsz,"40577",PL.ZIPIN.1750,"128185",PL.PZGiK.204.PRNG,,,miasta1,C:/Users/Grzesiek/Desktop/inzynierka/materiały qgis/miasta1.gpkg|layername=miasta1,"530",./0.png
23.5845330803481,53.3755952561132,"117",ID_2393,2ED380A7-CB2E-5AC4-E053-CA2BA8C0AB34,PL.PZGiK.335.BDOT10k,2021-09-13T00:00:00,fałsz,ADMS03,,Dok,"1",m,Ort,PRNG,,PU,2012-10-15,2019-10-10,2021-09-13T00:00:00,2012-11-15,,,,,,,,Bobrowniki,"7238","2011083","39960","112",Ws,fałsz,"39960",PL.ZIPIN.1750,"7238",PL.PZGiK.204.PRNG,,,miasta1,C:/Users/Grzesiek/Desktop/inzynierka/materiały qgis/miasta1.gpkg|layername=miasta1,,./0.png
23.5142031604554,53.3781034844266,"118",ID_2381,2ED380A7-CB2A-5AC4-E053-CA2BA8C0AB34,PL.PZGiK.335.BDOT10k,2021-09-13T00:00:00,fałsz,ADMS03,,Dok,"1",m,Ort,PRNG,,PU,2012-10-15,2019-10-10,2021-09-13T00:00:00,2012-11-15,,,,,,,,Kurowszczyzna,"65545","2011083","40241","157",Ws,fałsz,"40241",PL.ZIPIN.1750,"65545",PL.PZGiK.204.PRNG,,,miasta1,C:/Users/Grzesiek/Desktop/inzynierka/materiały qgis/miasta1.gpkg|layername=miasta1,,./0.png
23.5302570948409,53.3866619965883,"119",ID_2384,2ED380A7-CB2B-5AC4-E053-CA2BA8C0AB34,PL.PZGiK.335.BDOT10k,2021-09-13T00:00:00,fałsz,ADMS03,,Dok,"1",m,Ort,PRNG,,PU,2012-10-15,2019-10-10,2021-09-13T00:00:00,2012-11-15,,,,,,,,Nowa Kamionka,"87998","2011083","40407","165",Ws,fałsz,"40407",PL.ZIPIN.1750,"87998",PL.PZGiK.204.PRNG,,,miasta1,C:/Users/Grzesiek/Desktop/inzynierka/materiały qgis/miasta1.gpkg|layername=miasta1,,./0.png
23.3696513692331,53.38190558044,"121",ID_2363,2ED380A7-CB0E-5AC4-E053-CA2BA8C0AB34,PL.PZGiK.335.BDOT10k,2021-09-13T00:00:00,fałsz,ADMS03,,Dok,"1",m,Ort,PRNG,,PU,2012-10-15,2019-10-10,2021-09-13T00:00:00,2012-11-15,,,,,,,,Kantorówka,"50122","2011083","40198","69",Ws,fałsz,"40198",PL.ZIPIN.1750,"50122",PL.PZGiK.204.PRNG,,,miasta1,C:/Users/Grzesiek/Desktop/inzynierka/materiały qgis/miasta1.gpkg|layername=miasta1,"69",./0.png
23.3376789765382,53.3920174633107,"122",ID_2336,2ED380A7-CAEF-5AC4-E053-CA2BA8C0AB34,PL.PZGiK.335.BDOT10k,2021-09-13T00:00:00,fałsz,ADMS03,,Dok,"1",m,Ort,PRNG,,PU,2012-10-15,2019-10-10,2021-09-13T00:00:00,2012-11-15,,,,,,,,Hałe,"40701","2011083","40100","98",Ws,fałsz,"40100",PL.ZIPIN.1750,"40701",PL.PZGiK.204.PRNG,nazwa oboczna: Hało,,miasta1,C:/Users/Grzesiek/Desktop/inzynierka/materiały qgis/miasta1.gpkg|layername=miasta1,"98",./0.png
23.5132426720224,53.38432423507,"123",ID_2339,2ED380A7-CAF0-5AC4-E053-CA2BA8C0AB34,PL.PZGiK.335.BDOT10k,2021-09-13T00:00:00,fałsz,ADMS03,,Dok,"1",m,Ort,PRNG,,PU,2012-10-15,2019-10-10,2021-09-13T00:00:00,2012-11-15,,,,,,,,Wojnachy,"149627","2011083","40749","90",Ws,fałsz,"40749",PL.ZIPIN.1750,"149627",PL.PZGiK.204.PRNG,,,miasta1,C:/Users/Grzesiek/Desktop/inzynierka/materiały qgis/miasta1.gpkg|layername=miasta1,"90",./0.png
23.486099255433,53.399652875526,"124",ID_2096,2ED380A7-CBE9-5AC4-E053-CA2BA8C0AB34,PL.PZGiK.335.BDOT10k,2021-09-13T00:00:00,fałsz,ADMS02,,Dok,"1",m,Ort,PRNG,,PU,2012-10-15,2019-10-10,2021-09-13T00:00:00,2012-11-15,,,,,,,,Zabrodzie,"177496","2011083","923466","671",CMs,fałsz,"923466",PL.ZIPIN.1750,"177496",PL.PZGiK.204.PRNG,,,miasta1,C:/Users/Grzesiek/Desktop/inzynierka/materiały qgis/miasta1.gpkg|layername=miasta1,"671",./0.png
23.6556763123097,53.29839955837,"125",ID_2099,2ED380A7-CBEA-5AC4-E053-CA2BA8C0AB34,PL.PZGiK.335.BDOT10k,2021-09-13T00:00:00,fałsz,ADMS03,,Dok,"1",m,Ort,PRNG,,PU,2012-10-15,2019-10-10,2021-09-13T00:00:00,2012-11-15,,,,,,,,Szudziałowo,"136112","2011102","42330","642",Ws,prawda,"42330",PL.ZIPIN.3147,"136112",PL.PZGiK.204.PRNG,,,miasta1,C:/Users/Grzesiek/Desktop/inzynierka/materiały qgis/miasta1.gpkg|layername=miasta1,"642",./0.png
23.6737474875558,53.2693655023761,"126",ID_2102,2ED380A7-CBEB-5AC4-E053-CA2BA8C0AB34,PL.PZGiK.335.BDOT10k,2021-09-13T00:00:00,fałsz,ADMS03,,Dok,"1",m,Ort,PRNG,,PU,2012-10-15,2019-10-10,2021-09-13T00:00:00,2012-11-15,,,,,,,,Ostrów Północny,"95395","2011102","42168","113",Ws,fałsz,"42168",PL.ZIPIN.3147,"95395",PL.PZGiK.204.PRNG,,,miasta1,C:/Users/Grzesiek/Desktop/inzynierka/materiały qgis/miasta1.gpkg|layername=miasta1,,./0.png
23.5468045075192,53.4017757235445,"128",ID_2330,2ED380A7-CAED-5AC4-E053-CA2BA8C0AB34,PL.PZGiK.335.BDOT10k,2021-09-13T00:00:00,fałsz,ADMS03,,Dok,"1",m,Ort,PRNG,,PU,2012-10-15,2019-10-10,2021-09-13T00:00:00,2012-11-15,,,,,,,,Szyszki,"136655","2011083","40695","139",Ws,fałsz,"40695",PL.ZIPIN.1750,"136655",PL.PZGiK.204.PRNG,,,miasta1,C:/Users/Grzesiek/Desktop/inzynierka/materiały qgis/miasta1.gpkg|layername=miasta1,,./0.png
23.6698822830261,53.4139570849785,"130",ID_2312,2ED380A7-CAE7-5AC4-E053-CA2BA8C0AB34,PL.PZGiK.335.BDOT10k,2021-09-13T00:00:00,fałsz,ADMS03,,Dok,"1",m,Ort,PRNG,,PU,2012-10-15,2019-10-10,2021-09-13T00:00:00,2012-11-15,,,,,,,,Zaśpicze,"159522","2011083","40815","94",Ws,fałsz,"40815",PL.ZIPIN.1750,"159522",PL.PZGiK.204.PRNG,,,miasta1,C:/Users/Grzesiek/Desktop/inzynierka/materiały qgis/miasta1.gpkg|layername=miasta1,"94",./0.png
23.698210424174,53.4227218428895,"131",ID_2315,2ED380A7-CAE8-5AC4-E053-CA2BA8C0AB34,PL.PZGiK.335.BDOT10k,2021-09-13T00:00:00,fałsz,ADMS03,,Dok,"1",m,Ort,PRNG,,PU,2012-10-15,2019-10-10,2021-09-13T00:00:00,2012-11-15,,,,,,,,Nomiki,"87759","2011083","40399","178",Ws,fałsz,"40399",PL.ZIPIN.1750,"87759",PL.PZGiK.204.PRNG,,,miasta1,C:/Users/Grzesiek/Desktop/inzynierka/materiały qgis/miasta1.gpkg|layername=miasta1,,./0.png
23.4088264966149,53.3404953491471,"135",ID_2225,2ED380A7-CC7D-5AC4-E053-CA2BA8C0AB34,PL.PZGiK.335.BDOT10k,2021-09-13T00:00:00,fałsz,ADMS03,,Dok,"1",m,Ort,PRNG,,PU,2012-10-15,2019-10-10,2021-09-13T00:00:00,2012-11-15,,,,,,,,Nowa Moczalnia,"88063","2011083","40590","20",Ws,fałsz,"40590",PL.ZIPIN.1750,"88063",PL.PZGiK.204.PRNG,,,miasta1,C:/Users/Grzesiek/Desktop/inzynierka/materiały qgis/miasta1.gpkg|layername=miasta1,,./0.png
23.649518240038,53.3236343470289,"136",ID_2429,2ED380A7-CB4F-5AC4-E053-CA2BA8C0AB34,PL.PZGiK.335.BDOT10k,2021-09-13T00:00:00,fałsz,ADMS03,,Dok,"1",m,Ort,PRNG,,PU,2012-10-15,2019-10-10,2021-09-13T00:00:00,2012-11-15,,,,,,,,Słoja,"124549","2011102","42228","74",Ws,fałsz,"42228",PL.ZIPIN.3147,"124549",PL.PZGiK.204.PRNG,,,miasta1,C:/Users/Grzesiek/Desktop/inzynierka/materiały qgis/miasta1.gpkg|layername=miasta1,"74",./0.png
23.6178601684924,53.3090883218551,"137",ID_2432,2ED380A7-CB50-5AC4-E053-CA2BA8C0AB34,PL.PZGiK.335.BDOT10k,2021-09-13T00:00:00,fałsz,ADMS03,,Dok,"1",m,Ort,PRNG,,PU,2012-10-15,2019-10-10,2021-09-13T00:00:00,2012-11-15,,,,,,,,Słójka,"124873","2011102","42234","46",Ws,fałsz,"42234",PL.ZIPIN.3147,"124873",PL.PZGiK.204.PRNG,,,miasta1,C:/Users/Grzesiek/Desktop/inzynierka/materiały qgis/miasta1.gpkg|layername=miasta1,"46",./0.png
23.661510811099,53.2421134767712,"138",ID_2105,2ED380A7-CBEC-5AC4-E053-CA2BA8C0AB34,PL.PZGiK.335.BDOT10k,2021-09-13T00:00:00,fałsz,ADMS03,,Dok,"1",m,Ort,PRNG,,PU,2012-10-15,2019-10-10,2021-09-13T00:00:00,2012-11-15,,,,,,,,Nowy Ostrów,"90238","2011102","42145","33",Ws,fałsz,"42145",PL.ZIPIN.3147,"90238",PL.PZGiK.204.PRNG,,,miasta1,C:/Users/Grzesiek/Desktop/inzynierka/materiały qgis/miasta1.gpkg|layername=miasta1,"33",./0.png
23.6921266692283,53.3095953329307,"139",ID_2108,2ED380A7-CBED-5AC4-E053-CA2BA8C0AB34,PL.PZGiK.335.BDOT10k,2021-09-13T00:00:00,fałsz,ADMS03,,Dok,"1",m,Ort,PRNG,,PU,2012-10-15,2019-10-10,2021-09-13T00:00:00,2012-11-15,,,,,,,,Sukowicze,"133366","2011102","42300","34",Ws,fałsz,"42300",PL.ZIPIN.3147,"133366",PL.PZGiK.204.PRNG,,,miasta1,C:/Users/Grzesiek/Desktop/inzynierka/materiały qgis/miasta1.gpkg|layername=miasta1,"34",./0.png
23.6512719110823,53.3553407875702,"140",ID_2279,2ED380A7-CAC6-5AC4-E053-CA2BA8C0AB34,PL.PZGiK.335.BDOT10k,2021-09-13T00:00:00,fałsz,ADMS03,,Dok,"1",m,Ort,PRNG,,PU,2012-10-15,2019-10-10,2021-09-13T00:00:00,2012-11-15,,,,,,,,Chmielowszczyzna,"15667","2011102","41938","36",Ws,fałsz,"41938",PL.ZIPIN.3147,"15667",PL.PZGiK.204.PRNG,nazwa oboczna: Chmielewszczyzna,,miasta1,C:/Users/Grzesiek/Desktop/inzynierka/materiały qgis/miasta1.gpkg|layername=miasta1,"36",./0.png
23.6790174938059,53.3461088807632,"147",ID_2288,2ED380A7-CAC9-5AC4-E053-CA2BA8C0AB34,PL.PZGiK.335.BDOT10k,2021-09-13T00:00:00,fałsz,ADMS03,,Dok,"1",m,Ort,PRNG,,PU,2012-10-15,2019-10-10,2021-09-13T00:00:00,2012-11-15,,,,,,,,Szczęsnowicze,"134834","2011102","42317","68",Ws,fałsz,"42317",PL.ZIPIN.3147,"134834",PL.PZGiK.204.PRNG,,,miasta1,C:/Users/Grzesiek/Desktop/inzynierka/materiały qgis/miasta1.gpkg|layername=miasta1,"68",./0.png
23.288667139561,53.1721393789635,"150",OT_ADMS_P.246,2C9A9AB3-6197-0F0D-E053-CA2BA8C04DCD,PL.PZGiK.335.BDOT10k,2021-10-15T00:00:00,fałsz,ADMS03,,Dok,"1",m,Ort,PRNG,,PU,2017-06-05,2020-10-02,2021-10-15T00:00:00,2012-11-15,,,,,,,,Ciasne,"17115","2002095","41364","250",Ws,fałsz,"41364",PL.ZIPIN.2419,"17115",PL.PZGiK.204.PRNG,,,miasta2,C:/Users/Grzesiek/Desktop/inzynierka/materiały qgis/miasta2.gpkg|layername=miasta2,"250",./0.png
23.5832126725556,52.9637512359759,"151",OT_ADMS_P.319,2C9A9AB3-6198-0F0D-E053-CA2BA8C04DCD,PL.PZGiK.335.BDOT10k,2021-10-15T00:00:00,fałsz,ADMS03,,Dok,"1",m,Ort,PRNG,,PU,2017-06-05,2020-10-02,2021-10-15T00:00:00,2012-11-15,,,,,,,,Tokarowszczyzna,"139710","2002075","34795","8",Ws,fałsz,"34795",PL.ZIPIN.1269,"139710",PL.PZGiK.204.PRNG,,,miasta2,C:/Users/Grzesiek/Desktop/inzynierka/materiały qgis/miasta2.gpkg|layername=miasta2,"8",./0.png
23.2477706940597,53.1252539781885,"152",OT_ADMS_P.234,2C9A9AB3-619D-0F0D-E053-CA2BA8C04DCD,PL.PZGiK.335.BDOT10k,2021-10-15T00:00:00,fałsz,ADMS03,,Dok,"1",m,Ort,PRNG,,PU,2017-06-05,2020-10-02,2021-10-15T00:00:00,2012-11-15,,,,,,,,Zaścianki,"159511","2002095","41750","367",Ws,fałsz,"41750",PL.ZIPIN.2419,"159511",PL.PZGiK.204.PRNG,,,miasta2,C:/Users/Grzesiek/Desktop/inzynierka/materiały qgis/miasta2.gpkg|layername=miasta2,"367",./0.png
23.3984312872847,53.190340138409,"153",OT_ADMS_P.278,2C9A9AB3-619E-0F0D-E053-CA2BA8C04DCD,PL.PZGiK.335.BDOT10k,2021-10-15T00:00:00,fałsz,ADMS03,,Dok,"1",m,Ort,PRNG,,PU,2017-06-05,2020-10-02,2021-10-15T00:00:00,2012-11-15,,,,,,,,Cieliczanka,"17388","2002095","41370","118",Ws,fałsz,"41370",PL.ZIPIN.2419,"17388",PL.PZGiK.204.PRNG,,,miasta2,C:/Users/Grzesiek/Desktop/inzynierka/materiały qgis/miasta2.gpkg|layername=miasta2,,./0.png
23.3070803845841,53.2017785881488,"154",OT_ADMS_P.239,2C9A9AB3-61A0-0F0D-E053-CA2BA8C04DCD,PL.PZGiK.335.BDOT10k,2021-10-15T00:00:00,fałsz,ADMS03,,Dok,"1",m,Ort,PRNG,,PU,2017-06-05,2020-10-02,2021-10-15T00:00:00,2012-11-15,,,,,,,,Ogrodniczki,"91426","2002095","41588","777",Ws,fałsz,"41588",PL.ZIPIN.2419,"91426",PL.PZGiK.204.PRNG,,,miasta2,C:/Users/Grzesiek/Desktop/inzynierka/materiały qgis/miasta2.gpkg|layername=miasta2,"777",./0.png
23.8946289684726,52.9724513143128,"155",OT_ADMS_P.381,2C9A9AB3-61A1-0F0D-E053-CA2BA8C04DCD,PL.PZGiK.335.BDOT10k,2021-10-15T00:00:00,fałsz,ADMS03,,Dok,"1",m,Ort,PRNG,,PU,2017-06-05,2020-10-02,2021-10-15T00:00:00,2012-11-15,,,,,,,,Nowosady,"89729","2002075","34571","196",Ws,fałsz,"34571",PL.ZIPIN.1269,"89729",PL.PZGiK.204.PRNG,,,miasta2,C:/Users/Grzesiek/Desktop/inzynierka/materiały qgis/miasta2.gpkg|layername=miasta2,,./0.png
23.62908471969,52.9384946986535,"156",OT_ADMS_P.326,2C9A9AB3-615F-0F0D-E053-CA2BA8C04DCD,PL.PZGiK.335.BDOT10k,2021-10-15T00:00:00,fałsz,ADMS03,,Dok,"1",m,Ort,PRNG,,PU,2017-06-05,2020-10-02,2021-10-15T00:00:00,2012-11-15,,,,,,,,Supruny,"133677","2002075","34192","18",Ws,fałsz,"34192",PL.ZIPIN.1269,"133677",PL.PZGiK.204.PRNG,,,miasta2,C:/Users/Grzesiek/Desktop/inzynierka/materiały qgis/miasta2.gpkg|layername=miasta2,,./0.png
23.7374542152625,52.9570208390896,"157",OT_ADMS_P.352,2C9A9AB3-6160-0F0D-E053-CA2BA8C04DCD,PL.PZGiK.335.BDOT10k,2021-10-15T00:00:00,fałsz,ADMS03,,Dok,"1",m,Ort,PRNG,,PU,2017-06-05,2020-10-02,2021-10-15T00:00:00,2012-11-15,,,,,,,,Tanica Górna,"138745","2002075","34789","39",Ws,fałsz,"34789",PL.ZIPIN.1269,"138745",PL.PZGiK.204.PRNG,,,miasta2,C:/Users/Grzesiek/Desktop/inzynierka/materiały qgis/miasta2.gpkg|layername=miasta2,"39",./0.png
23.1984171541605,53.3688914095991,"159",OT_ADMS_P.207,2C9A9AB3-61FE-0F0D-E053-CA2BA8C04DCD,PL.PZGiK.335.BDOT10k,2021-10-15T00:00:00,fałsz,ADMS03,,Dok,"1",m,Ort,PRNG,,PU,2017-06-05,2020-10-02,2021-10-15T00:00:00,2012-11-15,,,,,,,,Jezierzysk,"46510","2002025","25477","44",Ws,fałsz,"25477",PL.ZIPIN.1654,"46510",PL.PZGiK.204.PRNG,,,miasta2,C:/Users/Grzesiek/Desktop/inzynierka/materiały qgis/miasta2.gpkg|layername=miasta2,"44",./0.png
23.8688695330658,52.9441696293735,"160",OT_ADMS_P.379,2C9A9AB3-621E-0F0D-E053-CA2BA8C04DCD,PL.PZGiK.335.BDOT10k,2021-10-15T00:00:00,fałsz,ADMS03,,Dok,"1",m,Ort,PRNG,,PU,2017-06-05,2020-10-02,2021-10-15T00:00:00,2012-11-15,,,,,,,,Cisówka,"17995","2002075","34230","192",Ws,fałsz,"34230",PL.ZIPIN.1269,"17995",PL.PZGiK.204.PRNG,,,miasta2,C:/Users/Grzesiek/Desktop/inzynierka/materiały qgis/miasta2.gpkg|layername=miasta2,,./0.png
23.5131152519215,53.1434775204759,"161",OT_ADMS_P.303,2C9A9AB3-621F-0F0D-E053-CA2BA8C04DCD,PL.PZGiK.335.BDOT10k,2021-10-15T00:00:00,fałsz,ADMS03,,Dok,"1",m,Ort,PRNG,,PU,2017-06-05,2020-10-02,2021-10-15T00:00:00,2012-11-15,,,,,,,,Sofipol,"126138","2002042","29334","84",Ws,fałsz,"29334",PL.ZIPIN.1267,"126138",PL.PZGiK.204.PRNG,,,miasta2,C:/Users/Grzesiek/Desktop/inzynierka/materiały qgis/miasta2.gpkg|layername=miasta2,"84",./0.png
23.5895166911466,53.1226246202505,"162",OT_ADMS_P.309,2C9A9AB3-6221-0F0D-E053-CA2BA8C04DCD,PL.PZGiK.335.BDOT10k,2021-10-15T00:00:00,fałsz,ADMS03,,Dok,"1",m,Ort,PRNG,,PU,2017-06-05,2020-10-02,2021-10-15T00:00:00,2012-11-15,,,,,,,,Waliły,"143765","2002042","29363","101",Ws,fałsz,"29363",PL.ZIPIN.1267,"143765",PL.PZGiK.204.PRNG,,,miasta2,C:/Users/Grzesiek/Desktop/inzynierka/materiały qgis/miasta2.gpkg|layername=miasta2,,./0.png
23.3562839010382,53.2119745838052,"164",OT_ADMS_P.396,2C9A9AB3-6224-0F0D-E053-CA2BA8C04DCD,PL.PZGiK.335.BDOT10k,2021-10-15T00:00:00,fałsz,ADMS02,,Dok,"1",m,Ort,PRNG,,PU,2017-06-05,2020-10-02,2021-10-15T00:00:00,2012-11-15,,,,,,,,Dębowik,"23679","2002094","923489","2",CMs,fałsz,"923489",PL.ZIPIN.2419,"23679",PL.PZGiK.204.PRNG,pojedyncza zagroda,,miasta2,C:/Users/Grzesiek/Desktop/inzynierka/materiały qgis/miasta2.gpkg|layername=miasta2,,./0.png
23.6480813634041,52.9353888498147,"165",OT_ADMS_P.329,2C9A9AB3-6227-0F0D-E053-CA2BA8C04DCD,PL.PZGiK.335.BDOT10k,2021-10-15T00:00:00,fałsz,ADMS03,,Dok,"1",m,Ort,PRNG,,PU,2017-06-05,2020-10-02,2021-10-15T00:00:00,2012-11-15,,,,,,,,Bieńdziuga,"5768","2002075","34157","58",Ws,fałsz,"34157",PL.ZIPIN.1269,"5768",PL.PZGiK.204.PRNG,,,miasta2,C:/Users/Grzesiek/Desktop/inzynierka/materiały qgis/miasta2.gpkg|layername=miasta2,"58",./0.png
23.2556917498225,53.2897798265818,"167",OT_ADMS_P.390,2C9A9AB3-6314-0F0D-E053-CA2BA8C04DCD,PL.PZGiK.335.BDOT10k,2021-10-15T00:00:00,fałsz,ADMS02,,Dok,"1",m,Ort,PRNG,,PU,2017-06-05,2020-10-02,2021-10-15T00:00:00,2012-11-15,,,,,,,,Pierekał-Zawały,"100658","2002024","922917","136",CMs,fałsz,"922917",PL.ZIPIN.1654,"100658",PL.PZGiK.204.PRNG,,,miasta2,C:/Users/Grzesiek/Desktop/inzynierka/materiały qgis/miasta2.gpkg|layername=miasta2,,./0.png
23.4651949459919,53.0196724868664,"168",OT_ADMS_P.297,2C9A9AB3-6315-0F0D-E053-CA2BA8C04DCD,PL.PZGiK.335.BDOT10k,2021-10-15T00:00:00,fałsz,ADMS03,,Dok,"1",m,Ort,PRNG,,PU,2017-06-05,2020-10-02,2021-10-15T00:00:00,2012-11-15,,,,,,,,Tylwica,"142083","2002075","34832","101",Ws,fałsz,"34832",PL.ZIPIN.1269,"142083",PL.PZGiK.204.PRNG,,,miasta2,C:/Users/Grzesiek/Desktop/inzynierka/materiały qgis/miasta2.gpkg|layername=miasta2,,./0.png
23.6921511938589,53.0591753375761,"169",OT_ADMS_P.331,2C9A9AB3-61A4-0F0D-E053-CA2BA8C04DCD,PL.PZGiK.335.BDOT10k,2021-10-15T00:00:00,fałsz,ADMS03,,Dok,"1",m,Ort,PRNG,,PU,2017-06-05,2020-10-02,2021-10-15T00:00:00,2012-11-15,,,,,,,,Mieleszki,"79759","2002042","29179","85",Ws,fałsz,"29179",PL.ZIPIN.1267,"79759",PL.PZGiK.204.PRNG,,,miasta2,C:/Users/Grzesiek/Desktop/inzynierka/materiały qgis/miasta2.gpkg|layername=miasta2,"85",./0.png
23.7676408760291,52.9449707829864,"170",OT_ADMS_P.359,2C9A9AB3-6173-0F0D-E053-CA2BA8C04DCD,PL.PZGiK.335.BDOT10k,2021-10-15T00:00:00,fałsz,ADMS03,,Dok,"1",m,Ort,PRNG,,PU,2017-06-05,2020-10-02,2021-10-15T00:00:00,2012-11-15,,,,,,,,Garbary,"176328","2002075","991210","5",Ws,fałsz,"991210",PL.ZIPIN.1269,"176328",PL.PZGiK.204.PRNG,,,miasta2,C:/Users/Grzesiek/Desktop/inzynierka/materiały qgis/miasta2.gpkg|layername=miasta2,"5",./0.png
23.1356659997431,53.3423017508178,"171",OT_ADMS_P.168,2C9A9AB3-6200-0F0D-E053-CA2BA8C04DCD,PL.PZGiK.335.BDOT10k,2021-10-15T00:00:00,fałsz,ADMS03,,Dok,"1",m,Ort,PRNG,,PU,2017-06-05,2020-10-02,2021-10-15T00:00:00,2012-11-15,,,,,,,,Brzozówka Ziemiańska,"11821","2002025","25388","49",Ws,fałsz,"25388",PL.ZIPIN.1654,"11821",PL.PZGiK.204.PRNG,,,miasta2,C:/Users/Grzesiek/Desktop/inzynierka/materiały qgis/miasta2.gpkg|layername=miasta2,"49",./0.png
23.7670756609977,52.9498389814347,"172",OT_ADMS_P.354,2C9A9AB3-6370-0F0D-E053-CA2BA8C04DCD,PL.PZGiK.335.BDOT10k,2021-10-15T00:00:00,fałsz,ADMS03,,Dok,"1",m,Ort,PRNG,,PU,2017-06-05,2020-10-02,2021-10-15T00:00:00,2012-11-15,,,,,,,,Rudnia,"176326","2002075","1010970","3",Ws,fałsz,"1010970",PL.ZIPIN.1269,"176326",PL.PZGiK.204.PRNG,,,miasta2,C:/Users/Grzesiek/Desktop/inzynierka/materiały qgis/miasta2.gpkg|layername=miasta2,"3",./0.png
23.4836962141455,53.2544176843648,"174",OT_ADMS_P.291,2C9A9AB3-6373-0F0D-E053-CA2BA8C04DCD,PL.PZGiK.335.BDOT10k,2021-10-15T00:00:00,fałsz,ADMS03,,Dok,"1",m,Ort,PRNG,,PU,2017-06-05,2020-10-02,2021-10-15T00:00:00,2012-11-15,,,,,,,,Sokołda,"126269","2002095","41631","97",Ws,fałsz,"41631",PL.ZIPIN.2419,"126269",PL.PZGiK.204.PRNG,,,miasta2,C:/Users/Grzesiek/Desktop/inzynierka/materiały qgis/miasta2.gpkg|layername=miasta2,"97",./0.png
23.1895380901382,53.3001211809813,"175",OT_ADMS_P.205,2C9A9AB3-62E9-0F0D-E053-CA2BA8C04DCD,PL.PZGiK.335.BDOT10k,2021-10-15T00:00:00,fałsz,ADMS03,,Dok,"1",m,Ort,PRNG,,PU,2017-06-05,2020-10-02,2021-10-15T00:00:00,2012-11-15,,,,,,,,Karczmisko,"50470","2002025","25490","96",Ws,fałsz,"25490",PL.ZIPIN.1654,"50470",PL.PZGiK.204.PRNG,,,miasta2,C:/Users/Grzesiek/Desktop/inzynierka/materiały qgis/miasta2.gpkg|layername=miasta2,"96",./0.png
23.7247957746123,53.0027334952033,"176",OT_ADMS_P.351,2C9A9AB3-62EA-0F0D-E053-CA2BA8C04DCD,PL.PZGiK.335.BDOT10k,2021-10-15T00:00:00,fałsz,ADMS03,,Dok,"1",m,Ort,PRNG,,PU,2017-06-05,2020-10-02,2021-10-15T00:00:00,2012-11-15,,,,,,,,Nowe Kuchmy,"88888","2002075","34453","15",Ws,fałsz,"34453",PL.ZIPIN.1269,"88888",PL.PZGiK.204.PRNG,,,miasta2,C:/Users/Grzesiek/Desktop/inzynierka/materiały qgis/miasta2.gpkg|layername=miasta2,,./0.png
23.2379232236015,53.2648982662193,"179",OT_ADMS_P.222,2C9A9AB3-6176-0F0D-E053-CA2BA8C04DCD,PL.PZGiK.335.BDOT10k,2021-10-15T00:00:00,fałsz,ADMS03,,Dok,"1",m,Ort,PRNG,,PU,2017-06-05,2020-10-02,2021-10-15T00:00:00,2012-11-15,,,,,,,,Złota Wieś,"161965","2002025","25767","37",Ws,fałsz,"25767",PL.ZIPIN.1654,"161965",PL.PZGiK.204.PRNG,,,miasta2,C:/Users/Grzesiek/Desktop/inzynierka/materiały qgis/miasta2.gpkg|layername=miasta2,"37",./0.png
23.4753889522399,53.1326609357736,"181",ID_05b3720e-69cf-421d-87be-955e78ad04dc,05b3720e-69cf-421d-87be-955e78ad04dc,PL.PZGiK.335.BDOT10k,2021-10-15T00:00:00,fałsz,ADMS03,,Dok,"1",m,Ort,PRNG,,PU,2017-06-05,2020-10-02,2021-10-15T00:00:00,2017-05-15,,,,,,,,Downiewo,"25983","2002042","28978","29",Ws,fałsz,"28978",PL.ZIPIN.1267,"25983",PL.PZGiK.204.PRNG,,,miasta2,C:/Users/Grzesiek/Desktop/inzynierka/materiały qgis/miasta2.gpkg|layername=miasta2,"29",./0.png
23.7230277881029,52.9550602255795,"183",OT_ADMS_P.349,2C9A9AB3-611C-0F0D-E053-CA2BA8C04DCD,PL.PZGiK.335.BDOT10k,2021-10-15T00:00:00,fałsz,ADMS03,,Dok,"1",m,Ort,PRNG,,PU,2017-06-05,2020-10-02,2021-10-15T00:00:00,2012-11-15,,,,,,,,Tanica Dolna,"138744","2002075","34772","37",Ws,fałsz,"34772",PL.ZIPIN.1269,"138744",PL.PZGiK.204.PRNG,,,miasta2,C:/Users/Grzesiek/Desktop/inzynierka/materiały qgis/miasta2.gpkg|layername=miasta2,"37",./0.png
23.8152698615619,53.0672030207104,"185",OT_ADMS_P.357,2C9A9AB3-6377-0F0D-E053-CA2BA8C04DCD,PL.PZGiK.335.BDOT10k,2021-10-15T00:00:00,fałsz,ADMS03,,Dok,"1",m,Ort,PRNG,,PU,2017-06-05,2020-10-02,2021-10-15T00:00:00,2012-11-15,,,,,,,,Zubry,"162403","2002042","29475","103",Ws,fałsz,"29475",PL.ZIPIN.1267,"162403",PL.PZGiK.204.PRNG,,,miasta2,C:/Users/Grzesiek/Desktop/inzynierka/materiały qgis/miasta2.gpkg|layername=miasta2,,./0.png
23.3090758569617,53.3283985784373,"187",OT_ADMS_P.251,2C9A9AB3-63A3-0F0D-E053-CA2BA8C04DCD,PL.PZGiK.335.BDOT10k,2021-10-15T00:00:00,fałsz,ADMS03,,Dok,"1",m,Ort,PRNG,,PU,2017-06-05,2020-10-02,2021-10-15T00:00:00,2012-11-15,,,,,,,,Machnacz,"74969","2002025","25572","19",Ws,fałsz,"25572",PL.ZIPIN.1654,"74969",PL.PZGiK.204.PRNG,,,miasta2,C:/Users/Grzesiek/Desktop/inzynierka/materiały qgis/miasta2.gpkg|layername=miasta2,,./0.png
23.7611223827287,53.1097130132515,"192",OT_ADMS_P.345,2C9A9AB3-622D-0F0D-E053-CA2BA8C04DCD,PL.PZGiK.335.BDOT10k,2021-10-15T00:00:00,fałsz,ADMS03,,Dok,"1",m,Ort,PRNG,,PU,2017-06-05,2020-10-02,2021-10-15T00:00:00,2012-11-15,,,,,,,,Zubki,"162388","2002042","29452","34",Ws,fałsz,"29452",PL.ZIPIN.1267,"162388",PL.PZGiK.204.PRNG,,,miasta2,C:/Users/Grzesiek/Desktop/inzynierka/materiały qgis/miasta2.gpkg|layername=miasta2,"34",./0.png
23.5574970219097,52.9992092595095,"193",OT_ADMS_P.314,2C9A9AB3-622E-0F0D-E053-CA2BA8C04DCD,PL.PZGiK.335.BDOT10k,2021-10-15T00:00:00,fałsz,ADMS03,,Dok,"1",m,Ort,PRNG,,PU,2017-06-05,2020-10-02,2021-10-15T00:00:00,2012-11-15,,,,,,,,Hieronimowo,"41261","2002075","34281","46",Ws,fałsz,"34281",PL.ZIPIN.1269,"41261",PL.PZGiK.204.PRNG,,,miasta2,C:/Users/Grzesiek/Desktop/inzynierka/materiały qgis/miasta2.gpkg|layername=miasta2,"46",./0.png
23.1629724357265,53.3410630837685,"195",OT_ADMS_P.187,2C9A9AB3-637F-0F0D-E053-CA2BA8C04DCD,PL.PZGiK.335.BDOT10k,2021-10-15T00:00:00,fałsz,ADMS03,,Dok,"1",m,Ort,PRNG,,PU,2017-06-05,2020-10-02,2021-10-15T00:00:00,2012-11-15,,,,,,,,Łapczyn,"71350","2002025","25566","71",Ws,fałsz,"25566",PL.ZIPIN.1654,"71350",PL.PZGiK.204.PRNG,,,miasta2,C:/Users/Grzesiek/Desktop/inzynierka/materiały qgis/miasta2.gpkg|layername=miasta2,"71",./0.png
23.8669349943309,53.0782600629312,"196",OT_ADMS_P.367,2C9A9AB3-624B-0F0D-E053-CA2BA8C04DCD,PL.PZGiK.335.BDOT10k,2021-10-15T00:00:00,fałsz,ADMS03,,Dok,"1",m,Ort,PRNG,,PU,2017-06-05,2020-10-02,2021-10-15T00:00:00,2012-11-15,,,,,,,,Świsłoczany,"138545","2002042","29357","25",Ws,fałsz,"29357",PL.ZIPIN.1267,"138545",PL.PZGiK.204.PRNG,,,miasta2,C:/Users/Grzesiek/Desktop/inzynierka/materiały qgis/miasta2.gpkg|layername=miasta2,"25",./0.png
23.7127008700766,52.9718712413201,"197",OT_ADMS_P.346,2C9A9AB3-624D-0F0D-E053-CA2BA8C04DCD,PL.PZGiK.335.BDOT10k,2021-10-15T00:00:00,fałsz,ADMS03,,Dok,"1",m,Ort,PRNG,,PU,2017-06-05,2020-10-02,2021-10-15T00:00:00,2012-11-15,,,,,,,,Juszkowy Gród,"47786","2002075","34329","121",Ws,fałsz,"34329",PL.ZIPIN.1269,"47786",PL.PZGiK.204.PRNG,,,miasta2,C:/Users/Grzesiek/Desktop/inzynierka/materiały qgis/miasta2.gpkg|layername=miasta2,,./0.png
23.3376252970727,53.1255779632856,"202",OT_ADMS_P.233,2C9A9AB3-63AB-0F0D-E053-CA2BA8C04DCD,PL.PZGiK.335.BDOT10k,2021-10-15T00:00:00,fałsz,ADMS03,,Dok,"1",m,Ort,PRNG,,PU,2017-06-05,2020-10-02,2021-10-15T00:00:00,2012-11-15,,,,,,,,Sobolewo,"126031","2002095","41619","1378",Ws,fałsz,"41619",PL.ZIPIN.2419,"126031",PL.PZGiK.204.PRNG,,,miasta2,C:/Users/Grzesiek/Desktop/inzynierka/materiały qgis/miasta2.gpkg|layername=miasta2,,./0.png
23.65395212262,52.9576738082283,"204",OT_ADMS_P.327,2C9A9AB3-6279-0F0D-E053-CA2BA8C04DCD,PL.PZGiK.335.BDOT10k,2021-10-15T00:00:00,fałsz,ADMS03,,Dok,"1",m,Ort,PRNG,,PU,2017-06-05,2020-10-02,2021-10-15T00:00:00,2012-11-15,,,,,,,,Suszcza,"133792","2002075","34750","89",Ws,fałsz,"34750",PL.ZIPIN.1269,"133792",PL.PZGiK.204.PRNG,,,miasta2,C:/Users/Grzesiek/Desktop/inzynierka/materiały qgis/miasta2.gpkg|layername=miasta2,"89",./0.png
23.6062626682432,53.0329210290713,"205",OT_ADMS_P.401,2C9A9AB3-627A-0F0D-E053-CA2BA8C04DCD,PL.PZGiK.335.BDOT10k,2021-10-15T00:00:00,fałsz,ADMS01,,Dok,"1",m,Ort,PRNG,,PU,2017-06-05,2020-10-02,2021-10-15T00:00:00,2012-11-15,,,,,,,,Michałowo,"79324","2002074","34507","3073",Ms,prawda,"34507",PL.ZIPIN.1269,"79324",PL.PZGiK.204.PRNG,,,miasta2,C:/Users/Grzesiek/Desktop/inzynierka/materiały qgis/miasta2.gpkg|layername=miasta2,"3073",./0.png
23.8950418978088,53.0352062284174,"209",OT_ADMS_P.378,2C9A9AB3-612F-0F0D-E053-CA2BA8C04DCD,PL.PZGiK.335.BDOT10k,2021-10-15T00:00:00,fałsz,ADMS03,,Dok,"1",m,Ort,PRNG,,PU,2017-06-05,2020-10-02,2021-10-15T00:00:00,2012-11-15,,,,,,,,Dublany,"26764","2002075","34252","28",Ws,fałsz,"34252",PL.ZIPIN.1269,"26764",PL.PZGiK.204.PRNG,,,miasta2,C:/Users/Grzesiek/Desktop/inzynierka/materiały qgis/miasta2.gpkg|layername=miasta2,"28",./0.png
23.7842344998469,53.0228745127109,"211",OT_ADMS_P.340,2C9A9AB3-6237-0F0D-E053-CA2BA8C04DCD,PL.PZGiK.335.BDOT10k,2021-10-15T00:00:00,fałsz,ADMS03,,Dok,"1",m,Ort,PRNG,,PU,2017-06-05,2020-10-02,2021-10-15T00:00:00,2012-11-15,,,,,,,,Podozierany,"106028","2002042","29251","129",Ws,fałsz,"29251",PL.ZIPIN.1267,"106028",PL.PZGiK.204.PRNG,,,miasta2,C:/Users/Grzesiek/Desktop/inzynierka/materiały qgis/miasta2.gpkg|layername=miasta2,,./0.png
23.2606488381142,53.1729361339147,"212",OT_ADMS_P.241,2C9A9AB3-6238-0F0D-E053-CA2BA8C04DCD,PL.PZGiK.335.BDOT10k,2021-10-15T00:00:00,fałsz,ADMS03,,Dok,"1",m,Ort,PRNG,,PU,2017-06-05,2020-10-02,2021-10-15T00:00:00,2012-11-15,,,,,,,,Karakule,"50284","2002095","41542","450",Ws,fałsz,"41542",PL.ZIPIN.2419,"50284",PL.PZGiK.204.PRNG,,,miasta2,C:/Users/Grzesiek/Desktop/inzynierka/materiały qgis/miasta2.gpkg|layername=miasta2,"450",./0.png
23.1948586093753,53.2827366735049,"216",OT_ADMS_P.211,2C9A9AB3-6253-0F0D-E053-CA2BA8C04DCD,PL.PZGiK.335.BDOT10k,2021-10-15T00:00:00,fałsz,ADMS03,,Dok,"1",m,Ort,PRNG,,PU,2017-06-05,2020-10-02,2021-10-15T00:00:00,2012-11-15,,,,,,,,Ogóły,"91409","2002025","25595","4",Ws,fałsz,"25595",PL.ZIPIN.1654,"91409",PL.PZGiK.204.PRNG,,,miasta2,C:/Users/Grzesiek/Desktop/inzynierka/materiały qgis/miasta2.gpkg|layername=miasta2,"4",./0.png
23.8187092384894,52.9478063616811,"217",OT_ADMS_P.365,2C9A9AB3-6254-0F0D-E053-CA2BA8C04DCD,PL.PZGiK.335.BDOT10k,2021-10-15T00:00:00,fałsz,ADMS03,,Dok,"1",m,Ort,PRNG,,PU,2017-06-05,2020-10-02,2021-10-15T00:00:00,2012-11-15,,,,,,,,Budy,"12491","2002075","34223","58",Ws,fałsz,"34223",PL.ZIPIN.1269,"12491",PL.PZGiK.204.PRNG,,,miasta2,C:/Users/Grzesiek/Desktop/inzynierka/materiały qgis/miasta2.gpkg|layername=miasta2,"58",./0.png
23.4550786940718,53.1102093110551,"218",OT_ADMS_P.288,2C9A9AB3-62F2-0F0D-E053-CA2BA8C04DCD,PL.PZGiK.335.BDOT10k,2021-10-15T00:00:00,fałsz,ADMS03,,Dok,"1",m,Ort,PRNG,,PU,2017-06-05,2020-10-02,2021-10-15T00:00:00,2012-11-15,,,,,,,,Zajma,"156807","2002075","34855","40",Ws,fałsz,"34855",PL.ZIPIN.1269,"156807",PL.PZGiK.204.PRNG,,,miasta2,C:/Users/Grzesiek/Desktop/inzynierka/materiały qgis/miasta2.gpkg|layername=miasta2,"40",./0.png
23.3359370310002,53.2100740686213,"219",OT_ADMS_P.399,2C9A9AB3-62F3-0F0D-E053-CA2BA8C04DCD,PL.PZGiK.335.BDOT10k,2021-10-15T00:00:00,fałsz,ADMS01,,Dok,"1",m,Ort,PRNG,,PU,2017-06-05,2020-10-02,2021-10-15T00:00:00,2012-11-15,,,,,,,,Supraśl,"133675","2002094","923472","4610",Ms,prawda,"923472",PL.ZIPIN.2419,"133675",PL.PZGiK.204.PRNG,,,miasta2,C:/Users/Grzesiek/Desktop/inzynierka/materiały qgis/miasta2.gpkg|layername=miasta2,"4610",./0.png
23.6274579398931,53.0021069540646,"221",OT_ADMS_P.315,2C9A9AB3-627F-0F0D-E053-CA2BA8C04DCD,PL.PZGiK.335.BDOT10k,2021-10-15T00:00:00,fałsz,ADMS03,,Dok,"1",m,Ort,PRNG,,PU,2017-06-05,2020-10-02,2021-10-15T00:00:00,2012-11-15,,,,,,,,Nowa Wola,"88535","2002075","34565","165",Ws,fałsz,"34565",PL.ZIPIN.1269,"88535",PL.PZGiK.204.PRNG,,,miasta2,C:/Users/Grzesiek/Desktop/inzynierka/materiały qgis/miasta2.gpkg|layername=miasta2,,./0.png
23.5017997355825,53.019584557249,"223",OT_ADMS_P.301,2C9A9AB3-6244-0F0D-E053-CA2BA8C04DCD,PL.PZGiK.335.BDOT10k,2021-10-15T00:00:00,fałsz,ADMS03,,Dok,"1",m,Ort,PRNG,,PU,2017-06-05,2020-10-02,2021-10-15T00:00:00,2012-11-15,,,,,,,,Topolany,"140034","2002075","34803","158",Ws,fałsz,"34803",PL.ZIPIN.1269,"140034",PL.PZGiK.204.PRNG,,,miasta2,C:/Users/Grzesiek/Desktop/inzynierka/materiały qgis/miasta2.gpkg|layername=miasta2,,./0.png
23.6799822054329,52.9492168822972,"224",OT_ADMS_P.338,2C9A9AB3-6246-0F0D-E053-CA2BA8C04DCD,PL.PZGiK.335.BDOT10k,2021-10-15T00:00:00,fałsz,ADMS03,,Dok,"1",m,Ort,PRNG,,PU,2017-06-05,2020-10-02,2021-10-15T00:00:00,2012-11-15,,,,,,,,Krugły Lasek,"62529","2002075","34594","37",Ws,fałsz,"34594",PL.ZIPIN.1269,"62529",PL.PZGiK.204.PRNG,,,miasta2,C:/Users/Grzesiek/Desktop/inzynierka/materiały qgis/miasta2.gpkg|layername=miasta2,"37",./0.png
23.6267222638764,53.0390270447075,"226",OT_ADMS_P.324,2C9A9AB3-62F8-0F0D-E053-CA2BA8C04DCD,PL.PZGiK.335.BDOT10k,2021-10-15T00:00:00,fałsz,ADMS03,,Dok,"1",m,Ort,PRNG,,PU,2017-06-05,2020-10-02,2021-10-15T00:00:00,2012-11-15,,,,,,,,Kobylanka,"54994","2002075","34364","79",Ws,fałsz,"34364",PL.ZIPIN.1269,"54994",PL.PZGiK.204.PRNG,,,miasta2,C:/Users/Grzesiek/Desktop/inzynierka/materiały qgis/miasta2.gpkg|layername=miasta2,"79",./0.png
23.8289296250991,53.0155918126567,"227",OT_ADMS_P.371,2C9A9AB3-62FA-0F0D-E053-CA2BA8C04DCD,PL.PZGiK.335.BDOT10k,2021-10-15T00:00:00,fałsz,ADMS03,,Dok,"1",m,Ort,PRNG,,PU,2017-06-05,2020-10-02,2021-10-15T00:00:00,2012-11-15,,,,,,,,Romanowo,"116409","2002075","34690","17",Ws,fałsz,"34690",PL.ZIPIN.1269,"116409",PL.PZGiK.204.PRNG,,,miasta2,C:/Users/Grzesiek/Desktop/inzynierka/materiały qgis/miasta2.gpkg|layername=miasta2,,./0.png
23.2397617280416,53.2942668596651,"228",OT_ADMS_P.224,2C9A9AB3-6380-0F0D-E053-CA2BA8C04DCD,PL.PZGiK.335.BDOT10k,2021-10-15T00:00:00,fałsz,ADMS03,,Dok,"1",m,Ort,PRNG,,PU,2017-06-05,2020-10-02,2021-10-15T00:00:00,2012-11-15,,,,,,,,Klimki,"53942","2002025","25508","126",Ws,fałsz,"25508",PL.ZIPIN.1654,"53942",PL.PZGiK.204.PRNG,,,miasta2,C:/Users/Grzesiek/Desktop/inzynierka/materiały qgis/miasta2.gpkg|layername=miasta2,,./0.png
23.8364153740021,53.0570777712921,"229",OT_ADMS_P.369,2C9A9AB3-6321-0F0D-E053-CA2BA8C04DCD,PL.PZGiK.335.BDOT10k,2021-10-15T00:00:00,fałsz,ADMS03,,Dok,"1",m,Ort,PRNG,,PU,2017-06-05,2020-10-02,2021-10-15T00:00:00,2012-11-15,,,,,,,,Zielona,"161229","2002042","29446","43",Ws,fałsz,"29446",PL.ZIPIN.1267,"161229",PL.PZGiK.204.PRNG,,,miasta2,C:/Users/Grzesiek/Desktop/inzynierka/materiały qgis/miasta2.gpkg|layername=miasta2,"43",./0.png
23.501565296085,52.9965582786329,"231",OT_ADMS_P.300,2C9A9AB3-6323-0F0D-E053-CA2BA8C04DCD,PL.PZGiK.335.BDOT10k,2021-10-15T00:00:00,fałsz,ADMS03,,Dok,"1",m,Ort,PRNG,,PU,2017-06-05,2020-10-02,2021-10-15T00:00:00,2012-11-15,,,,,,,,Potoka,"109342","2002075","34683","85",Ws,fałsz,"34683",PL.ZIPIN.1269,"109342",PL.PZGiK.204.PRNG,,,miasta2,C:/Users/Grzesiek/Desktop/inzynierka/materiały qgis/miasta2.gpkg|layername=miasta2,"85",./0.png
23.2314605571131,53.2801325637589,"236",OT_ADMS_P.218,2C9A9AB3-620B-0F0D-E053-CA2BA8C04DCD,PL.PZGiK.335.BDOT10k,2021-10-15T00:00:00,fałsz,ADMS03,,Dok,"1",m,Ort,PRNG,,PU,2017-06-05,2020-10-02,2021-10-15T00:00:00,2012-11-15,,,,,,,,Wólka Ratowiecka,"151401","2002025","25709","139",Ws,fałsz,"25709",PL.ZIPIN.1654,"151401",PL.PZGiK.204.PRNG,,,miasta2,C:/Users/Grzesiek/Desktop/inzynierka/materiały qgis/miasta2.gpkg|layername=miasta2,,./0.png
23.1835883898002,53.3218057202728,"237",OT_ADMS_P.203,2C9A9AB3-620D-0F0D-E053-CA2BA8C04DCD,PL.PZGiK.335.BDOT10k,2021-10-15T00:00:00,fałsz,ADMS03,,Dok,"1",m,Ort,PRNG,,PU,2017-06-05,2020-10-02,2021-10-15T00:00:00,2012-11-15,,,,,,,,Oleszkowo,"92375","2002025","25610","129",Ws,fałsz,"25610",PL.ZIPIN.1654,"92375",PL.PZGiK.204.PRNG,,,miasta2,C:/Users/Grzesiek/Desktop/inzynierka/materiały qgis/miasta2.gpkg|layername=miasta2,,./0.png
23.5568310339507,53.0512813721037,"239",OT_ADMS_P.312,2C9A9AB3-6350-0F0D-E053-CA2BA8C04DCD,PL.PZGiK.335.BDOT10k,2021-10-15T00:00:00,fałsz,ADMS03,,Dok,"1",m,Ort,PRNG,,PU,2017-06-05,2020-10-02,2021-10-15T00:00:00,2012-11-15,,,,,,,,Majdan,"75443","2002075","34499","35",Ws,fałsz,"34499",PL.ZIPIN.1269,"75443",PL.PZGiK.204.PRNG,,,miasta2,C:/Users/Grzesiek/Desktop/inzynierka/materiały qgis/miasta2.gpkg|layername=miasta2,"35",./0.png
23.5051503737706,53.175775351544,"245",OT_ADMS_P.296,2C9A9AB3-632E-0F0D-E053-CA2BA8C04DCD,PL.PZGiK.335.BDOT10k,2021-10-15T00:00:00,fałsz,ADMS03,,Dok,"1",m,Ort,PRNG,,PU,2017-06-05,2020-10-02,2021-10-15T00:00:00,2012-11-15,,,,,,,,Nowosiółki,"89756","2002042","29216","32",Ws,fałsz,"29216",PL.ZIPIN.1267,"89756",PL.PZGiK.204.PRNG,,,miasta2,C:/Users/Grzesiek/Desktop/inzynierka/materiały qgis/miasta2.gpkg|layername=miasta2,"32",./0.png
23.5435417518589,52.9859142581849,"247",OT_ADMS_P.311,2C9A9AB3-6215-0F0D-E053-CA2BA8C04DCD,PL.PZGiK.335.BDOT10k,2021-10-15T00:00:00,fałsz,ADMS03,,Dok,"1",m,Ort,PRNG,,PU,2017-06-05,2020-10-02,2021-10-15T00:00:00,2012-11-15,,,,,,,,Krukowszczyzna,"62579","2002075","34306","34",Ws,fałsz,"34306",PL.ZIPIN.1269,"62579",PL.PZGiK.204.PRNG,,,miasta2,C:/Users/Grzesiek/Desktop/inzynierka/materiały qgis/miasta2.gpkg|layername=miasta2,"34",./0.png
23.9111743057837,53.0213045815293,"249",OT_ADMS_P.383,2C9A9AB3-6218-0F0D-E053-CA2BA8C04DCD,PL.PZGiK.335.BDOT10k,2021-10-15T00:00:00,fałsz,ADMS03,,Dok,"1",m,Ort,PRNG,,PU,2017-06-05,2020-10-02,2021-10-15T00:00:00,2012-11-15,,,,,,,,Kondratki,"56942","2002075","34387","59",Ws,fałsz,"34387",PL.ZIPIN.1269,"56942",PL.PZGiK.204.PRNG,,,miasta2,C:/Users/Grzesiek/Desktop/inzynierka/materiały qgis/miasta2.gpkg|layername=miasta2,"59",./0.png
23.9071575558483,53.1525957808519,"250",OT_ADMS_P.374,2C9A9AB3-621A-0F0D-E053-CA2BA8C04DCD,PL.PZGiK.335.BDOT10k,2021-10-15T00:00:00,fałsz,ADMS03,,Dok,"1",m,Ort,PRNG,,PU,2017-06-05,2020-10-02,2021-10-15T00:00:00,2012-11-15,,,,,,,,Chomontowce,"16228","2002042","28961","33",Ws,fałsz,"28961",PL.ZIPIN.1267,"16228",PL.PZGiK.204.PRNG,,,miasta2,C:/Users/Grzesiek/Desktop/inzynierka/materiały qgis/miasta2.gpkg|layername=miasta2,"33",./0.png
23.6094001742951,53.0946939571301,"256",OT_ADMS_P.317,2C9A9AB3-6256-0F0D-E053-CA2BA8C04DCD,PL.PZGiK.335.BDOT10k,2021-10-15T00:00:00,fałsz,ADMS03,,Dok,"1",m,Ort,PRNG,,PU,2017-06-05,2020-10-02,2021-10-15T00:00:00,2012-11-15,,,,,,,,Dzierniakowo,"28775","2002042","28990","39",Ws,fałsz,"28990",PL.ZIPIN.1267,"28775",PL.PZGiK.204.PRNG,,,miasta2,C:/Users/Grzesiek/Desktop/inzynierka/materiały qgis/miasta2.gpkg|layername=miasta2,"39",./0.png
23.2944814897851,53.1041653863296,"257",OT_ADMS_P.249,2C9A9AB3-63BB-0F0D-E053-CA2BA8C04DCD,PL.PZGiK.335.BDOT10k,2021-10-15T00:00:00,fałsz,ADMS03,,Dok,"1",m,Ort,PRNG,,PU,2017-06-05,2020-10-02,2021-10-15T00:00:00,2012-11-15,,,,,,,,Henrykowo,"41138","2002095","41453","107",Ws,fałsz,"41453",PL.ZIPIN.2419,"41138",PL.PZGiK.204.PRNG,,,miasta2,C:/Users/Grzesiek/Desktop/inzynierka/materiały qgis/miasta2.gpkg|layername=miasta2,,./0.png
23.8420754149471,52.9912998763523,"258",OT_ADMS_P.384,2C9A9AB3-63BD-0F0D-E053-CA2BA8C04DCD,PL.PZGiK.335.BDOT10k,2021-10-15T00:00:00,fałsz,ADMS03,,Dok,"1",m,Ort,PRNG,,PU,2017-06-05,2020-10-02,2021-10-15T00:00:00,2012-11-15,,,,,,,,Stara Łuplanka,"128256","2002075","34743","87",Ws,fałsz,"34743",PL.ZIPIN.1269,"128256",PL.PZGiK.204.PRNG,,,miasta2,C:/Users/Grzesiek/Desktop/inzynierka/materiały qgis/miasta2.gpkg|layername=miasta2,"87",./0.png
23.5948727414795,53.0413724755042,"259",OT_ADMS_P.318,2C9A9AB3-63C2-0F0D-E053-CA2BA8C04DCD,PL.PZGiK.335.BDOT10k,2021-10-15T00:00:00,fałsz,ADMS03,,Dok,"1",m,Ort,PRNG,,PU,2017-06-05,2020-10-02,2021-10-15T00:00:00,2012-11-15,,,,,,,,Kopce,"57852","2002075","34393","59",Ws,fałsz,"34393",PL.ZIPIN.1269,"57852",PL.PZGiK.204.PRNG,,,miasta2,C:/Users/Grzesiek/Desktop/inzynierka/materiały qgis/miasta2.gpkg|layername=miasta2,"59",./0.png
23.7307677813518,53.0861798823663,"263",OT_ADMS_P.344,2C9A9AB3-61AE-0F0D-E053-CA2BA8C04DCD,PL.PZGiK.335.BDOT10k,2021-10-15T00:00:00,fałsz,ADMS03,,Dok,"1",m,Ort,PRNG,,PU,2017-06-05,2020-10-02,2021-10-15T00:00:00,2012-11-15,,,,,,,,Straszewo,"131692","2002042","29340","34",Ws,fałsz,"29340",PL.ZIPIN.1267,"131692",PL.PZGiK.204.PRNG,,,miasta2,C:/Users/Grzesiek/Desktop/inzynierka/materiały qgis/miasta2.gpkg|layername=miasta2,"34",./0.png
23.6478985334909,53.0168796832144,"264",OT_ADMS_P.328,2C9A9AB3-61AF-0F0D-E053-CA2BA8C04DCD,PL.PZGiK.335.BDOT10k,2021-10-15T00:00:00,fałsz,ADMS03,,Dok,"1",m,Ort,PRNG,,PU,2017-06-05,2020-10-02,2021-10-15T00:00:00,2012-11-15,,,,,,,,Kuryły,"65613","2002075","34648","25",Ws,fałsz,"34648",PL.ZIPIN.1269,"65613",PL.PZGiK.204.PRNG,,,miasta2,C:/Users/Grzesiek/Desktop/inzynierka/materiały qgis/miasta2.gpkg|layername=miasta2,"25",./0.png
23.9026297015565,53.004226681093,"267",OT_ADMS_P.377,2C9A9AB3-62A5-0F0D-E053-CA2BA8C04DCD,PL.PZGiK.335.BDOT10k,2021-10-15T00:00:00,fałsz,ADMS03,,Dok,"1",m,Ort,PRNG,,PU,2017-06-05,2020-10-02,2021-10-15T00:00:00,2012-11-15,,,,,,,,Jałówka,"43544","2002075","34312","216",Ws,fałsz,"34312",PL.ZIPIN.1269,"43544",PL.PZGiK.204.PRNG,,,miasta2,C:/Users/Grzesiek/Desktop/inzynierka/materiały qgis/miasta2.gpkg|layername=miasta2,"216",./0.png
23.5079944313189,52.9791534285271,"268",OT_ADMS_P.305,2C9A9AB3-62A7-0F0D-E053-CA2BA8C04DCD,PL.PZGiK.335.BDOT10k,2021-10-15T00:00:00,fałsz,ADMS03,,Dok,"1",m,Ort,PRNG,,PU,2017-06-05,2020-10-02,2021-10-15T00:00:00,2012-11-15,,,,,,,,Hoźna,"41574","2002075","34298","62",Ws,fałsz,"34298",PL.ZIPIN.1269,"41574",PL.PZGiK.204.PRNG,,,miasta2,C:/Users/Grzesiek/Desktop/inzynierka/materiały qgis/miasta2.gpkg|layername=miasta2,"62",./0.png
23.7108434960389,53.0737209415257,"269",OT_ADMS_P.337,2C9A9AB3-62A8-0F0D-E053-CA2BA8C04DCD,PL.PZGiK.335.BDOT10k,2021-10-15T00:00:00,fałsz,ADMS03,,Dok,"1",m,Ort,PRNG,,PU,2017-06-05,2020-10-02,2021-10-15T00:00:00,2012-11-15,,,,,,,,Bielewicze,"5542","2002042","28910","86",Ws,fałsz,"28910",PL.ZIPIN.1267,"5542",PL.PZGiK.204.PRNG,,,miasta2,C:/Users/Grzesiek/Desktop/inzynierka/materiały qgis/miasta2.gpkg|layername=miasta2,"86",./0.png
23.8826005925007,53.1240347639119,"270",OT_ADMS_P.366,2C9A9AB3-62AD-0F0D-E053-CA2BA8C04DCD,PL.PZGiK.335.BDOT10k,2021-10-15T00:00:00,fałsz,ADMS03,,Dok,"1",m,Ort,PRNG,,PU,2017-06-05,2020-10-02,2021-10-15T00:00:00,2012-11-15,,,,,,,,Bobrowniki,"7239","2002042","28926","144",Ws,fałsz,"28926",PL.ZIPIN.1267,"7239",PL.PZGiK.204.PRNG,,,miasta2,C:/Users/Grzesiek/Desktop/inzynierka/materiały qgis/miasta2.gpkg|layername=miasta2,,./0.png
23.2428561647209,53.1527234738039,"272",OT_ADMS_P.240,2C9A9AB3-6259-0F0D-E053-CA2BA8C04DCD,PL.PZGiK.335.BDOT10k,2021-10-15T00:00:00,fałsz,ADMS03,,Dok,"1",m,Ort,PRNG,,PU,2017-06-05,2020-10-02,2021-10-15T00:00:00,2012-11-15,,,,,,,,Sowlany,"127152","2002095","41683","168",Ws,fałsz,"41683",PL.ZIPIN.2419,"127152",PL.PZGiK.204.PRNG,,,miasta2,C:/Users/Grzesiek/Desktop/inzynierka/materiały qgis/miasta2.gpkg|layername=miasta2,,./0.png
23.3641965943135,53.2250582409807,"274",OT_ADMS_P.263,2C9A9AB3-625E-0F0D-E053-CA2BA8C04DCD,PL.PZGiK.335.BDOT10k,2021-10-15T00:00:00,fałsz,ADMS03,,Dok,"1",m,Ort,PRNG,,PU,2017-06-05,2020-10-02,2021-10-15T00:00:00,2012-11-15,,,,,,,,Jałówka,"43541","2002095","41476","51",Ws,fałsz,"41476",PL.ZIPIN.2419,"43541",PL.PZGiK.204.PRNG,,,miasta2,C:/Users/Grzesiek/Desktop/inzynierka/materiały qgis/miasta2.gpkg|layername=miasta2,"51",./0.png
23.1346496792913,53.3356472944361,"275",OT_ADMS_P.172,2C9A9AB3-6292-0F0D-E053-CA2BA8C04DCD,PL.PZGiK.335.BDOT10k,2021-10-15T00:00:00,fałsz,ADMS03,,Dok,"1",m,Ort,PRNG,,PU,2017-06-05,2020-10-02,2021-10-15T00:00:00,2012-11-15,,,,,,,,Brzozówka Koronna,"11819","2002025","25365","27",Ws,fałsz,"25365",PL.ZIPIN.1654,"11819",PL.PZGiK.204.PRNG,,,miasta2,C:/Users/Grzesiek/Desktop/inzynierka/materiały qgis/miasta2.gpkg|layername=miasta2,"27",./0.png
23.8447701123016,52.9694107590794,"279",OT_ADMS_P.370,2C9A9AB3-6165-0F0D-E053-CA2BA8C04DCD,PL.PZGiK.335.BDOT10k,2021-10-15T00:00:00,fałsz,ADMS03,,Dok,"1",m,Ort,PRNG,,PU,2017-06-05,2020-10-02,2021-10-15T00:00:00,2012-11-15,,,,,,,,Szymki,"136559","2002075","34766","210",Ws,fałsz,"34766",PL.ZIPIN.1269,"136559",PL.PZGiK.204.PRNG,,,miasta2,C:/Users/Grzesiek/Desktop/inzynierka/materiały qgis/miasta2.gpkg|layername=miasta2,"210",./0.png
23.4654023661324,53.2609132879796,"280",OT_ADMS_P.289,2C9A9AB3-6169-0F0D-E053-CA2BA8C04DCD,PL.PZGiK.335.BDOT10k,2021-10-15T00:00:00,fałsz,ADMS03,,Dok,"1",m,Ort,PRNG,,PU,2017-06-05,2020-10-02,2021-10-15T00:00:00,2012-11-15,,,,,,,,Międzyrzecze,"80232","2002095","41743","48",Ws,fałsz,"41743",PL.ZIPIN.2419,"80232",PL.PZGiK.204.PRNG,,,miasta2,C:/Users/Grzesiek/Desktop/inzynierka/materiały qgis/miasta2.gpkg|layername=miasta2,"48",./0.png
23.5554756779302,53.1330791136896,"281",OT_ADMS_P.307,2C9A9AB3-616A-0F0D-E053-CA2BA8C04DCD,PL.PZGiK.335.BDOT10k,2021-10-15T00:00:00,fałsz,ADMS03,,Dok,"1",m,Ort,PRNG,,PU,2017-06-05,2020-10-02,2021-10-15T00:00:00,2012-11-15,,,,,,,,Pieszczaniki,"100833","2002042","29222","97",Ws,fałsz,"29222",PL.ZIPIN.1267,"100833",PL.PZGiK.204.PRNG,,,miasta2,C:/Users/Grzesiek/Desktop/inzynierka/materiały qgis/miasta2.gpkg|layername=miasta2,"97",./0.png
23.2017447083169,53.3141624328794,"282",OT_ADMS_P.210,2C9A9AB3-6178-0F0D-E053-CA2BA8C04DCD,PL.PZGiK.335.BDOT10k,2021-10-15T00:00:00,fałsz,ADMS03,,Dok,"1",m,Ort,PRNG,,PU,2017-06-05,2020-10-02,2021-10-15T00:00:00,2012-11-15,,,,,,,,Kosmaty Borek,"58954","2002025","25520","93",Ws,fałsz,"25520",PL.ZIPIN.1654,"58954",PL.PZGiK.204.PRNG,,,miasta2,C:/Users/Grzesiek/Desktop/inzynierka/materiały qgis/miasta2.gpkg|layername=miasta2,"93",./0.png
23.5014637631292,53.0604788968243,"285",OT_ADMS_P.302,2C9A9AB3-61B3-0F0D-E053-CA2BA8C04DCD,PL.PZGiK.335.BDOT10k,2021-10-15T00:00:00,fałsz,ADMS03,,Dok,"1",m,Ort,PRNG,,PU,2017-06-05,2020-10-02,2021-10-15T00:00:00,2012-11-15,,,,,,,,Sokole,"126183","2002075","34720","95",Ws,fałsz,"34720",PL.ZIPIN.1269,"126183",PL.PZGiK.204.PRNG,,,miasta2,C:/Users/Grzesiek/Desktop/inzynierka/materiały qgis/miasta2.gpkg|layername=miasta2,"95",./0.png
23.619583795659,52.9505880104817,"288",OT_ADMS_P.325,2C9A9AB3-62B3-0F0D-E053-CA2BA8C04DCD,PL.PZGiK.335.BDOT10k,2021-10-15T00:00:00,fałsz,ADMS03,,Dok,"1",m,Ort,PRNG,,PU,2017-06-05,2020-10-02,2021-10-15T00:00:00,2012-11-15,,,,,,,,Koleśne,"55930","2002075","34170","38",Ws,fałsz,"34170",PL.ZIPIN.1269,"55930",PL.PZGiK.204.PRNG,,,miasta2,C:/Users/Grzesiek/Desktop/inzynierka/materiały qgis/miasta2.gpkg|layername=miasta2,"38",./0.png
23.5435013485506,53.1597859389408,"291",OT_ADMS_P.304,2C9A9AB3-6335-0F0D-E053-CA2BA8C04DCD,PL.PZGiK.335.BDOT10k,2021-10-15T00:00:00,fałsz,ADMS03,,Dok,"1",m,Ort,PRNG,,PU,2017-06-05,2020-10-02,2021-10-15T00:00:00,2012-11-15,,,,,,,,Załuki,"157879","2002042","29417","217",Ws,fałsz,"29417",PL.ZIPIN.1267,"157879",PL.PZGiK.204.PRNG,,,miasta2,C:/Users/Grzesiek/Desktop/inzynierka/materiały qgis/miasta2.gpkg|layername=miasta2,"217",./0.png
23.7140796335993,52.9905466240901,"295",OT_ADMS_P.348,2C9A9AB3-617F-0F0D-E053-CA2BA8C04DCD,PL.PZGiK.335.BDOT10k,2021-10-15T00:00:00,fałsz,ADMS03,,Dok,"1",m,Ort,PRNG,,PU,2017-06-05,2020-10-02,2021-10-15T00:00:00,2012-11-15,,,,,,,,Ciwoniuki,"18071","2002075","34246","58",Ws,fałsz,"34246",PL.ZIPIN.1269,"18071",PL.PZGiK.204.PRNG,,,miasta2,C:/Users/Grzesiek/Desktop/inzynierka/materiały qgis/miasta2.gpkg|layername=miasta2,"58",./0.png
23.7137853413594,53.1498415430523,"296",OT_ADMS_P.342,2C9A9AB3-6180-0F0D-E053-CA2BA8C04DCD,PL.PZGiK.335.BDOT10k,2021-10-15T00:00:00,fałsz,ADMS03,,Dok,"1",m,Ort,PRNG,,PU,2017-06-05,2020-10-02,2021-10-15T00:00:00,2012-11-15,,,,,,,,Józefowo,"47325","2002042","29044","14",Ws,fałsz,"29044",PL.ZIPIN.1267,"47325",PL.PZGiK.204.PRNG,,,miasta2,C:/Users/Grzesiek/Desktop/inzynierka/materiały qgis/miasta2.gpkg|layername=miasta2,,./0.png
23.4562805792595,53.2138059650531,"299",OT_ADMS_P.279,2C9A9AB3-613C-0F0D-E053-CA2BA8C04DCD,PL.PZGiK.335.BDOT10k,2021-10-15T00:00:00,fałsz,ADMS03,,Dok,"1",m,Ort,PRNG,,PU,2017-06-05,2020-10-02,2021-10-15T00:00:00,2012-11-15,,,,,,,,Surażkowo,"133686","2002095","41690","87",Ws,fałsz,"41690",PL.ZIPIN.2419,"133686",PL.PZGiK.204.PRNG,,,miasta2,C:/Users/Grzesiek/Desktop/inzynierka/materiały qgis/miasta2.gpkg|layername=miasta2,"87",./0.png
23.8207153272877,53.0048998568364,"300",OT_ADMS_P.362,2C9A9AB3-61C0-0F0D-E053-CA2BA8C04DCD,PL.PZGiK.335.BDOT10k,2021-10-15T00:00:00,fałsz,ADMS03,,Dok,"1",m,Ort,PRNG,,PU,2017-06-05,2020-10-02,2021-10-15T00:00:00,2012-11-15,,,,,,,,Nowa Łuplanka,"88055","2002075","34559","49",Ws,fałsz,"34559",PL.ZIPIN.1269,"88055",PL.PZGiK.204.PRNG,,,miasta2,C:/Users/Grzesiek/Desktop/inzynierka/materiały qgis/miasta2.gpkg|layername=miasta2,"49",./0.png
23.6319657105324,53.0502896704384,"301",OT_ADMS_P.322,2C9A9AB3-61C5-0F0D-E053-CA2BA8C04DCD,PL.PZGiK.335.BDOT10k,2021-10-15T00:00:00,fałsz,ADMS03,,Dok,"1",m,Ort,PRNG,,PU,2017-06-05,2020-10-02,2021-10-15T00:00:00,2012-11-15,,,,,,,,Pieńki,"100530","2002075","34654","76",Ws,fałsz,"34654",PL.ZIPIN.1269,"100530",PL.PZGiK.204.PRNG,,,miasta2,C:/Users/Grzesiek/Desktop/inzynierka/materiały qgis/miasta2.gpkg|layername=miasta2,"76",./0.png
23.2206294860458,53.2985393217077,"302",OT_ADMS_P.214,2C9A9AB3-61C6-0F0D-E053-CA2BA8C04DCD,PL.PZGiK.335.BDOT10k,2021-10-15T00:00:00,fałsz,ADMS03,,Dok,"1",m,Ort,PRNG,,PU,2017-06-05,2020-10-02,2021-10-15T00:00:00,2012-11-15,,,,,,,,Czarna Wieś Kościelna,"18949","2002025","25454","626",Ws,fałsz,"25454",PL.ZIPIN.1654,"18949",PL.PZGiK.204.PRNG,,,miasta2,C:/Users/Grzesiek/Desktop/inzynierka/materiały qgis/miasta2.gpkg|layername=miasta2,"626",./0.png
23.8655009386644,53.1412305763259,"305",OT_ADMS_P.375,2C9A9AB3-62BC-0F0D-E053-CA2BA8C04DCD,PL.PZGiK.335.BDOT10k,2021-10-15T00:00:00,fałsz,ADMS03,,Dok,"1",m,Ort,PRNG,,PU,2017-06-05,2020-10-02,2021-10-15T00:00:00,2012-11-15,,,,,,,,Jaryłówka,"44680","2002042","29038","10",Ws,fałsz,"29038",PL.ZIPIN.1267,"44680",PL.PZGiK.204.PRNG,,,miasta2,C:/Users/Grzesiek/Desktop/inzynierka/materiały qgis/miasta2.gpkg|layername=miasta2,,./0.png
23.4611741049335,53.1394054816147,"306",OT_ADMS_P.294,2C9A9AB3-62BE-0F0D-E053-CA2BA8C04DCD,PL.PZGiK.335.BDOT10k,2021-10-15T00:00:00,fałsz,ADMS03,,Dok,"1",m,Ort,PRNG,,PU,2017-06-05,2020-10-02,2021-10-15T00:00:00,2012-11-15,,,,,,,,Przechody,"110564","2002042","29274","36",Ws,fałsz,"29274",PL.ZIPIN.1267,"110564",PL.PZGiK.204.PRNG,,,miasta2,C:/Users/Grzesiek/Desktop/inzynierka/materiały qgis/miasta2.gpkg|layername=miasta2,"36",./0.png
23.175160013115,53.3512457673047,"308",OT_ADMS_P.194,2C9A9AB3-63C7-0F0D-E053-CA2BA8C04DCD,PL.PZGiK.335.BDOT10k,2021-10-15T00:00:00,fałsz,ADMS03,,Dok,"1",m,Ort,PRNG,,PU,2017-06-05,2020-10-02,2021-10-15T00:00:00,2012-11-15,,,,,,,,Zamczysk,"157951","2002025","25738","50",Ws,fałsz,"25738",PL.ZIPIN.1654,"157951",PL.PZGiK.204.PRNG,,,miasta2,C:/Users/Grzesiek/Desktop/inzynierka/materiały qgis/miasta2.gpkg|layername=miasta2,"50",./0.png
23.5909840935994,53.0210443700552,"310",OT_ADMS_P.320,2C9A9AB3-6299-0F0D-E053-CA2BA8C04DCD,PL.PZGiK.335.BDOT10k,2021-10-15T00:00:00,fałsz,ADMS03,,Dok,"1",m,Ort,PRNG,,PU,2017-06-05,2020-10-02,2021-10-15T00:00:00,2012-11-15,,,,,,,,Kazimierowo,"51569","2002075","34335","35",Ws,fałsz,"34335",PL.ZIPIN.1269,"51569",PL.PZGiK.204.PRNG,,,miasta2,C:/Users/Grzesiek/Desktop/inzynierka/materiały qgis/miasta2.gpkg|layername=miasta2,"35",./0.png
23.6876397884842,52.9869941925872,"311",OT_ADMS_P.334,2C9A9AB3-618A-0F0D-E053-CA2BA8C04DCD,PL.PZGiK.335.BDOT10k,2021-10-15T00:00:00,fałsz,ADMS03,,Dok,"1",m,Ort,PRNG,,PU,2017-06-05,2020-10-02,2021-10-15T00:00:00,2012-11-15,,,,,,,,Barszczewo,"2894","2002075","34134","69",Ws,fałsz,"34134",PL.ZIPIN.1269,"2894",PL.PZGiK.204.PRNG,,,miasta2,C:/Users/Grzesiek/Desktop/inzynierka/materiały qgis/miasta2.gpkg|layername=miasta2,"69",./0.png
23.4489779939973,53.197826516157,"312",OT_ADMS_P.284,2C9A9AB3-6140-0F0D-E053-CA2BA8C04DCD,PL.PZGiK.335.BDOT10k,2021-10-15T00:00:00,fałsz,ADMS03,,Dok,"1",m,Ort,PRNG,,PU,2017-06-05,2020-10-02,2021-10-15T00:00:00,2012-11-15,,,,,,,,Zasady,"159269","2002042","29430","7",Ws,fałsz,"29430",PL.ZIPIN.1267,"159269",PL.PZGiK.204.PRNG,,,miasta2,C:/Users/Grzesiek/Desktop/inzynierka/materiały qgis/miasta2.gpkg|layername=miasta2,"7",./0.png
23.8794300772623,53.0209833178779,"313",OT_ADMS_P.382,2C9A9AB3-6142-0F0D-E053-CA2BA8C04DCD,PL.PZGiK.335.BDOT10k,2021-10-15T00:00:00,fałsz,ADMS03,,Dok,"1",m,Ort,PRNG,,PU,2017-06-05,2020-10-02,2021-10-15T00:00:00,2012-11-15,,,,,,,,Gonczary,"34891","2002075","34275","38",Ws,fałsz,"34275",PL.ZIPIN.1269,"34891",PL.PZGiK.204.PRNG,,,miasta2,C:/Users/Grzesiek/Desktop/inzynierka/materiały qgis/miasta2.gpkg|layername=miasta2,"38",./0.png
23.6483449298856,53.1285042780321,"314",OT_ADMS_P.323,2C9A9AB3-6144-0F0D-E053-CA2BA8C04DCD,PL.PZGiK.335.BDOT10k,2021-10-15T00:00:00,fałsz,ADMS03,,Dok,"1",m,Ort,PRNG,,PU,2017-06-05,2020-10-02,2021-10-15T00:00:00,2012-11-15,,,,,,,,Słuczanka,"124894","2002042","29328","71",Ws,fałsz,"29328",PL.ZIPIN.1267,"124894",PL.PZGiK.204.PRNG,,,miasta2,C:/Users/Grzesiek/Desktop/inzynierka/materiały qgis/miasta2.gpkg|layername=miasta2,"71",./0.png
23.9228601897315,52.9583971955222,"315",OT_ADMS_P.376,2C9A9AB3-6145-0F0D-E053-CA2BA8C04DCD,PL.PZGiK.335.BDOT10k,2021-10-15T00:00:00,fałsz,ADMS03,,Dok,"1",m,Ort,PRNG,,PU,2017-06-05,2020-10-02,2021-10-15T00:00:00,2012-11-15,,,,,,,,Zaleszany,"157657","2002075","34861","234",Ws,fałsz,"34861",PL.ZIPIN.1269,"157657",PL.PZGiK.204.PRNG,,,miasta2,C:/Users/Grzesiek/Desktop/inzynierka/materiały qgis/miasta2.gpkg|layername=miasta2,"234",./0.png
23.7108175194417,53.0103223086727,"316",OT_ADMS_P.339,2C9A9AB3-6148-0F0D-E053-CA2BA8C04DCD,PL.PZGiK.335.BDOT10k,2021-10-15T00:00:00,fałsz,ADMS03,,Dok,"1",m,Ort,PRNG,,PU,2017-06-05,2020-10-02,2021-10-15T00:00:00,2012-11-15,,,,,,,,Stare Kuchmy,"129104","2002075","34460","58",Ws,fałsz,"34460",PL.ZIPIN.1269,"129104",PL.PZGiK.204.PRNG,,,miasta2,C:/Users/Grzesiek/Desktop/inzynierka/materiały qgis/miasta2.gpkg|layername=miasta2,"58",./0.png
23.2683482451778,53.2972564126814,"317",OT_ADMS_P.391,2C9A9AB3-614A-0F0D-E053-CA2BA8C04DCD,PL.PZGiK.335.BDOT10k,2021-10-15T00:00:00,fałsz,ADMS02,,Dok,"1",m,Ort,PRNG,,PU,2017-06-05,2020-10-02,2021-10-15T00:00:00,2012-11-15,,,,,,,,Brzozowy Mostek,"11759","2002024","922892","43",CMs,fałsz,"922892",PL.ZIPIN.1654,"11759",PL.PZGiK.204.PRNG,,,miasta2,C:/Users/Grzesiek/Desktop/inzynierka/materiały qgis/miasta2.gpkg|layername=miasta2,"43",./0.png
23.5695932761649,53.162567574165,"318",OT_ADMS_P.310,2C9A9AB3-6158-0F0D-E053-CA2BA8C04DCD,PL.PZGiK.335.BDOT10k,2021-10-15T00:00:00,fałsz,ADMS03,,Dok,"1",m,Ort,PRNG,,PU,2017-06-05,2020-10-02,2021-10-15T00:00:00,2012-11-15,,,,,,,,Radunin,"114143","2002042","29280","39",Ws,fałsz,"29280",PL.ZIPIN.1267,"114143",PL.PZGiK.204.PRNG,,,miasta2,C:/Users/Grzesiek/Desktop/inzynierka/materiały qgis/miasta2.gpkg|layername=miasta2,"39",./0.png
23.2801009675282,53.3067509750098,"319",OT_ADMS_P.398,2C9A9AB3-6159-0F0D-E053-CA2BA8C04DCD,PL.PZGiK.335.BDOT10k,2021-10-15T00:00:00,fałsz,ADMS01,,Dok,"1",m,Ort,PRNG,,PU,2017-06-05,2020-10-02,2021-10-15T00:00:00,2012-11-15,,,,,,,,Czarna Białostocka,"18823","2002024","922886","9279",Ms,prawda,"922886",PL.ZIPIN.1654,"18823",PL.PZGiK.204.PRNG,,,miasta2,C:/Users/Grzesiek/Desktop/inzynierka/materiały qgis/miasta2.gpkg|layername=miasta2,"9279",./0.png
23.1974380963435,53.3526386305553,"320",OT_ADMS_P.200,2C9A9AB3-615E-0F0D-E053-CA2BA8C04DCD,PL.PZGiK.335.BDOT10k,2021-10-15T00:00:00,fałsz,ADMS03,,Dok,"1",m,Ort,PRNG,,PU,2017-06-05,2020-10-02,2021-10-15T00:00:00,2012-11-15,,,,,,,,Niemczyn,"86796","2002025","25589","101",Ws,fałsz,"25589",PL.ZIPIN.1654,"86796",PL.PZGiK.204.PRNG,,,miasta2,C:/Users/Grzesiek/Desktop/inzynierka/materiały qgis/miasta2.gpkg|layername=miasta2,,./0.png
23.5458919591983,53.0213083665405,"321",OT_ADMS_P.313,2C9A9AB3-61C9-0F0D-E053-CA2BA8C04DCD,PL.PZGiK.335.BDOT10k,2021-10-15T00:00:00,fałsz,ADMS03,,Dok,"1",m,Ort,PRNG,,PU,2017-06-05,2020-10-02,2021-10-15T00:00:00,2012-11-15,,,,,,,,Mościska,"83726","2002075","34542","57",Ws,fałsz,"34542",PL.ZIPIN.1269,"83726",PL.PZGiK.204.PRNG,,,miasta2,C:/Users/Grzesiek/Desktop/inzynierka/materiały qgis/miasta2.gpkg|layername=miasta2,"57",./0.png
23.8070906781108,53.1023116180992,"322",OT_ADMS_P.355,2C9A9AB3-61CB-0F0D-E053-CA2BA8C04DCD,PL.PZGiK.335.BDOT10k,2021-10-15T00:00:00,fałsz,ADMS03,,Dok,"1",m,Ort,PRNG,,PU,2017-06-05,2020-10-02,2021-10-15T00:00:00,2012-11-15,,,,,,,,Wierobie,"146795","2002042","29400","52",Ws,fałsz,"29400",PL.ZIPIN.1267,"146795",PL.PZGiK.204.PRNG,,,miasta2,C:/Users/Grzesiek/Desktop/inzynierka/materiały qgis/miasta2.gpkg|layername=miasta2,"52",./0.png
23.7583331461973,52.9455468955145,"324",OT_ADMS_P.356,2C9A9AB3-61D0-0F0D-E053-CA2BA8C04DCD,PL.PZGiK.335.BDOT10k,2021-10-15T00:00:00,fałsz,ADMS03,,Dok,"1",m,Ort,PRNG,,PU,2017-06-05,2020-10-02,2021-10-15T00:00:00,2012-11-15,,,,,,,,Rybaki,"118802","2002075","34714","63",Ws,fałsz,"34714",PL.ZIPIN.1269,"118802",PL.PZGiK.204.PRNG,,,miasta2,C:/Users/Grzesiek/Desktop/inzynierka/materiały qgis/miasta2.gpkg|layername=miasta2,"63",./0.png
23.7046274759268,52.9417674685241,"325",OT_ADMS_P.343,2C9A9AB3-62C0-0F0D-E053-CA2BA8C04DCD,PL.PZGiK.335.BDOT10k,2021-10-15T00:00:00,fałsz,ADMS03,,Dok,"1",m,Ort,PRNG,,PU,2017-06-05,2020-10-02,2021-10-15T00:00:00,2012-11-15,,,,,,,,Maciejkowa Góra,"75039","2002075","34602","57",Ws,fałsz,"34602",PL.ZIPIN.1269,"75039",PL.PZGiK.204.PRNG,,,miasta2,C:/Users/Grzesiek/Desktop/inzynierka/materiały qgis/miasta2.gpkg|layername=miasta2,"57",./0.png
23.244097240235,53.2780800422415,"326",OT_ADMS_P.232,2C9A9AB3-62C3-0F0D-E053-CA2BA8C04DCD,PL.PZGiK.335.BDOT10k,2021-10-15T00:00:00,fałsz,ADMS03,,Dok,"1",m,Ort,PRNG,,PU,2017-06-05,2020-10-02,2021-10-15T00:00:00,2012-11-15,,,,,,,,Ruda Rzeczka,"117807","2002025","25678","42",Ws,fałsz,"25678",PL.ZIPIN.1654,"117807",PL.PZGiK.204.PRNG,,,miasta2,C:/Users/Grzesiek/Desktop/inzynierka/materiały qgis/miasta2.gpkg|layername=miasta2,"42",./0.png
23.7439850848918,53.052767728976,"329",OT_ADMS_P.347,2C9A9AB3-6263-0F0D-E053-CA2BA8C04DCD,PL.PZGiK.335.BDOT10k,2021-10-15T00:00:00,fałsz,ADMS03,,Dok,"1",m,Ort,PRNG,,PU,2017-06-05,2020-10-02,2021-10-15T00:00:00,2012-11-15,,,,,,,,Wiejki,"145842","2002042","29392","164",Ws,fałsz,"29392",PL.ZIPIN.1267,"145842",PL.PZGiK.204.PRNG,,,miasta2,C:/Users/Grzesiek/Desktop/inzynierka/materiały qgis/miasta2.gpkg|layername=miasta2,,./0.png
23.6668586934276,52.9987195088979,"330",OT_ADMS_P.330,2C9A9AB3-6265-0F0D-E053-CA2BA8C04DCD,PL.PZGiK.335.BDOT10k,2021-10-15T00:00:00,fałsz,ADMS03,,Dok,"1",m,Ort,PRNG,,PU,2017-06-05,2020-10-02,2021-10-15T00:00:00,2012-11-15,,,,,,,,Lewsze,"67970","2002075","34482","38",Ws,fałsz,"34482",PL.ZIPIN.1269,"67970",PL.PZGiK.204.PRNG,,,miasta2,C:/Users/Grzesiek/Desktop/inzynierka/materiały qgis/miasta2.gpkg|layername=miasta2,"38",./0.png
23.7282497388303,52.9512423554856,"331",OT_ADMS_P.350,2C9A9AB3-629C-0F0D-E053-CA2BA8C04DCD,PL.PZGiK.335.BDOT10k,2021-10-15T00:00:00,fałsz,ADMS03,,Dok,"1",m,Ort,PRNG,,PU,2017-06-05,2020-10-02,2021-10-15T00:00:00,2012-11-15,,,,,,,,Bagniuki,"1844","2002075","34128","48",Ws,fałsz,"34128",PL.ZIPIN.1269,"1844",PL.PZGiK.204.PRNG,,,miasta2,C:/Users/Grzesiek/Desktop/inzynierka/materiały qgis/miasta2.gpkg|layername=miasta2,"48",./0.png
23.2991695861093,53.2989149150023,"332",OT_ADMS_P.393,2C9A9AB3-62A1-0F0D-E053-CA2BA8C04DCD,PL.PZGiK.335.BDOT10k,2021-10-15T00:00:00,fałsz,ADMS02,,Dok,"1",m,Ort,PRNG,,PU,2017-06-05,2020-10-02,2021-10-15T00:00:00,2012-11-15,,,,,,,,Buksztel,"13561","2002024","922900","141",CMs,fałsz,"922900",PL.ZIPIN.1654,"13561",PL.PZGiK.204.PRNG,,,miasta2,C:/Users/Grzesiek/Desktop/inzynierka/materiały qgis/miasta2.gpkg|layername=miasta2,,./0.png
23.5051747200986,53.1950524359536,"333",OT_ADMS_P.292,2C9A9AB3-6152-0F0D-E053-CA2BA8C04DCD,PL.PZGiK.335.BDOT10k,2021-10-15T00:00:00,fałsz,ADMS03,,Dok,"1",m,Ort,PRNG,,PU,2017-06-05,2020-10-02,2021-10-15T00:00:00,2012-11-15,,,,,,,,Borki,"8618","2002042","28932","36",Ws,fałsz,"28932",PL.ZIPIN.1267,"8618",PL.PZGiK.204.PRNG,,,miasta2,C:/Users/Grzesiek/Desktop/inzynierka/materiały qgis/miasta2.gpkg|layername=miasta2,"36",./0.png
23.6771083597544,53.0091481102118,"334",OT_ADMS_P.335,2C9A9AB3-61D3-0F0D-E053-CA2BA8C04DCD,PL.PZGiK.335.BDOT10k,2021-10-15T00:00:00,fałsz,ADMS03,,Dok,"1",m,Ort,PRNG,,PU,2017-06-05,2020-10-02,2021-10-15T00:00:00,2012-11-15,,,,,,,,Oziabły,"96032","2002075","34631","75",Ws,fałsz,"34631",PL.ZIPIN.1269,"96032",PL.PZGiK.204.PRNG,,,miasta2,C:/Users/Grzesiek/Desktop/inzynierka/materiały qgis/miasta2.gpkg|layername=miasta2,"75",./0.png
23.6813835602256,53.100227550607,"336",OT_ADMS_P.333,2C9A9AB3-61D9-0F0D-E053-CA2BA8C04DCD,PL.PZGiK.335.BDOT10k,2021-10-15T00:00:00,fałsz,ADMS03,,Dok,"1",m,Ort,PRNG,,PU,2017-06-05,2020-10-02,2021-10-15T00:00:00,2012-11-15,,,,,,,,Zarzeczany,"159136","2002042","29423","83",Ws,fałsz,"29423",PL.ZIPIN.1267,"159136",PL.PZGiK.204.PRNG,,,miasta2,C:/Users/Grzesiek/Desktop/inzynierka/materiały qgis/miasta2.gpkg|layername=miasta2,"83",./0.png
23.8531514356129,53.1002117011652,"338",OT_ADMS_P.372,2C9A9AB3-6266-0F0D-E053-CA2BA8C04DCD,PL.PZGiK.335.BDOT10k,2021-10-15T00:00:00,fałsz,ADMS03,,Dok,"1",m,Ort,PRNG,,PU,2017-06-05,2020-10-02,2021-10-15T00:00:00,2012-11-15,,,,,,,,Narejki,"85945","2002042","29200","12",Ws,fałsz,"29200",PL.ZIPIN.1267,"85945",PL.PZGiK.204.PRNG,,,miasta2,C:/Users/Grzesiek/Desktop/inzynierka/materiały qgis/miasta2.gpkg|layername=miasta2,,./0.png
23.7997722105099,52.9476949313048,"340",OT_ADMS_P.361,2C9A9AB3-6307-0F0D-E053-CA2BA8C04DCD,PL.PZGiK.335.BDOT10k,2021-10-15T00:00:00,fałsz,ADMS03,,Dok,"1",m,Ort,PRNG,,PU,2017-06-05,2020-10-02,2021-10-15T00:00:00,2012-11-15,,,,,,,,Bołtryki,"176327","2002075","1010963","0",Ws,fałsz,"1010963",PL.ZIPIN.1269,"176327",PL.PZGiK.204.PRNG,"brak zabudowy mieszkalnej; są tylko domki letniskowe",brak danych w UG,miasta2,C:/Users/Grzesiek/Desktop/inzynierka/materiały qgis/miasta2.gpkg|layername=miasta2,,./0.png
23.2619867084624,53.1300311000022,"342",OT_ADMS_P.238,2C9A9AB3-6340-0F0D-E053-CA2BA8C04DCD,PL.PZGiK.335.BDOT10k,2021-10-15T00:00:00,fałsz,ADMS03,,Dok,"1",m,Ort,PRNG,,PU,2017-06-05,2020-10-02,2021-10-15T00:00:00,2012-11-15,,,,,,,,Grabówka,"37678","2002095","41387","421",Ws,fałsz,"41387",PL.ZIPIN.2419,"37678",PL.PZGiK.204.PRNG,,,miasta2,C:/Users/Grzesiek/Desktop/inzynierka/materiały qgis/miasta2.gpkg|layername=miasta2,"421",./0.png
23.3261132405476,53.2197099868023,"343",OT_ADMS_P.394,2C9A9AB3-6347-0F0D-E053-CA2BA8C04DCD,PL.PZGiK.335.BDOT10k,2021-10-15T00:00:00,fałsz,ADMS02,,Dok,"1",m,Ort,PRNG,,PU,2017-06-05,2020-10-02,2021-10-15T00:00:00,2012-11-15,,,,,,,,Cegielnia,"14493","2002094","997157","120",CMs,fałsz,"997157",PL.ZIPIN.2419,"14493",PL.PZGiK.204.PRNG,osada leśna w granicach miasta,,miasta2,C:/Users/Grzesiek/Desktop/inzynierka/materiały qgis/miasta2.gpkg|layername=miasta2,,./0.png
23.882454165625,53.1041645956483,"344",OT_ADMS_P.380,2C9A9AB3-6348-0F0D-E053-CA2BA8C04DCD,PL.PZGiK.335.BDOT10k,2021-10-15T00:00:00,fałsz,ADMS03,,Dok,"1",m,Ort,PRNG,,PU,2017-06-05,2020-10-02,2021-10-15T00:00:00,2012-11-15,,,,,,,,Gobiaty,"34117","2002042","29009","5",Ws,fałsz,"29009",PL.ZIPIN.1267,"34117",PL.PZGiK.204.PRNG,,,miasta2,C:/Users/Grzesiek/Desktop/inzynierka/materiały qgis/miasta2.gpkg|layername=miasta2,"5",./0.png
23.2964091285569,53.295436859228,"347",OT_ADMS_P.392,2C9A9AB3-61E7-0F0D-E053-CA2BA8C04DCD,PL.PZGiK.335.BDOT10k,2021-10-15T00:00:00,fałsz,ADMS02,,Dok,"1",m,Ort,PRNG,,PU,2017-06-05,2020-10-02,2021-10-15T00:00:00,2012-11-15,,,,,,,,Buksztel-Gajówka,"183815","2002024","25632","14",CMs,fałsz,"25632",PL.ZIPIN.1654,"183815",PL.PZGiK.204.PRNG,osada leśna w granicach miasta,,miasta2,C:/Users/Grzesiek/Desktop/inzynierka/materiały qgis/miasta2.gpkg|layername=miasta2,,./0.png
23.4749225317165,53.2594111835167,"352",OT_ADMS_P.293,2C9A9AB3-62D4-0F0D-E053-CA2BA8C04DCD,PL.PZGiK.335.BDOT10k,2021-10-15T00:00:00,fałsz,ADMS03,,Dok,"1",m,Ort,PRNG,,PU,2017-06-05,2020-10-02,2021-10-15T00:00:00,2012-11-15,,,,,,,,Woronicze,"150844","2002095","41737","42",Ws,fałsz,"41737",PL.ZIPIN.2419,"150844",PL.PZGiK.204.PRNG,,,miasta2,C:/Users/Grzesiek/Desktop/inzynierka/materiały qgis/miasta2.gpkg|layername=miasta2,"42",./0.png
23.4721784964505,53.2287228051909,"353",OT_ADMS_P.295,2C9A9AB3-62D5-0F0D-E053-CA2BA8C04DCD,PL.PZGiK.335.BDOT10k,2021-10-15T00:00:00,fałsz,ADMS03,,Dok,"1",m,Ort,PRNG,,PU,2017-06-05,2020-10-02,2021-10-15T00:00:00,2012-11-15,,,,,,,,Łaźnie,"71993","2002095","41559","78",Ws,fałsz,"41559",PL.ZIPIN.2419,"71993",PL.PZGiK.204.PRNG,,,miasta2,C:/Users/Grzesiek/Desktop/inzynierka/materiały qgis/miasta2.gpkg|layername=miasta2,"78",./0.png
23.8787749202064,53.0658871410331,"354",OT_ADMS_P.373,2C9A9AB3-630B-0F0D-E053-CA2BA8C04DCD,PL.PZGiK.335.BDOT10k,2021-10-15T00:00:00,fałsz,ADMS03,,Dok,"1",m,Ort,PRNG,,PU,2017-06-05,2020-10-02,2021-10-15T00:00:00,2012-11-15,,,,,,,,Mostowlany,"83587","2002042","29191","24",Ws,fałsz,"29191",PL.ZIPIN.1267,"83587",PL.PZGiK.204.PRNG,,,miasta2,C:/Users/Grzesiek/Desktop/inzynierka/materiały qgis/miasta2.gpkg|layername=miasta2,"24",./0.png
23.3457307578161,53.2190682043384,"355",OT_ADMS_P.395,2C9A9AB3-630C-0F0D-E053-CA2BA8C04DCD,PL.PZGiK.335.BDOT10k,2021-10-15T00:00:00,fałsz,ADMS02,,Dok,"1",m,Ort,PRNG,,PU,2017-06-05,2020-10-02,2021-10-15T00:00:00,2012-11-15,,,,,,,,Podsupraśl,"106303","2002094","923495","47",CMs,fałsz,"923495",PL.ZIPIN.2419,"106303",PL.PZGiK.204.PRNG,,,miasta2,C:/Users/Grzesiek/Desktop/inzynierka/materiały qgis/miasta2.gpkg|layername=miasta2,"47",./0.png
23.7477713361068,52.9419123665352,"357",OT_ADMS_P.353,2C9A9AB3-6311-0F0D-E053-CA2BA8C04DCD,PL.PZGiK.335.BDOT10k,2021-10-15T00:00:00,fałsz,ADMS03,,Dok,"1",m,Ort,PRNG,,PU,2017-06-05,2020-10-02,2021-10-15T00:00:00,2012-11-15,,,,,,,,Bondary,"8108","2002075","34217","225",Ws,fałsz,"34217",PL.ZIPIN.1269,"8108",PL.PZGiK.204.PRNG,,,miasta2,C:/Users/Grzesiek/Desktop/inzynierka/materiały qgis/miasta2.gpkg|layername=miasta2,"225",./0.png
23.5481605151751,53.1655383992588,"358",OT_ADMS_P.308,2C9A9AB3-639A-0F0D-E053-CA2BA8C04DCD,PL.PZGiK.335.BDOT10k,2021-10-15T00:00:00,fałsz,ADMS03,,Dok,"1",m,Ort,PRNG,,PU,2017-06-05,2020-10-02,2021-10-15T00:00:00,2012-11-15,,,,,,,,Podzałuki,"106560","2002042","29268","16",Ws,fałsz,"29268",PL.ZIPIN.1267,"106560",PL.PZGiK.204.PRNG,,,miasta2,C:/Users/Grzesiek/Desktop/inzynierka/materiały qgis/miasta2.gpkg|layername=miasta2,,./0.png
23.6127375766114,53.1442869477589,"361",OT_ADMS_P.306,2C9A9AB3-63D6-0F0D-E053-CA2BA8C04DCD,PL.PZGiK.335.BDOT10k,2021-10-15T00:00:00,fałsz,ADMS03,,Dok,"1",m,Ort,PRNG,,PU,2017-06-05,2020-10-02,2021-10-15T00:00:00,2012-11-15,,,,,,,,Królowe Stojło,"62390","2002042","29096","26",Ws,fałsz,"29096",PL.ZIPIN.1267,"62390",PL.PZGiK.204.PRNG,,,miasta2,C:/Users/Grzesiek/Desktop/inzynierka/materiały qgis/miasta2.gpkg|layername=miasta2,"26",./0.png
23.7042222888559,53.1095740076193,"362",OT_ADMS_P.341,2C9A9AB3-61ED-0F0D-E053-CA2BA8C04DCD,PL.PZGiK.335.BDOT10k,2021-10-15T00:00:00,fałsz,ADMS03,,Dok,"1",m,Ort,PRNG,,PU,2017-06-05,2020-10-02,2021-10-15T00:00:00,2012-11-15,,,,,,,,Grzybowce,"40001","2002042","29021","38",Ws,fałsz,"29021",PL.ZIPIN.1267,"40001",PL.PZGiK.204.PRNG,,,miasta2,C:/Users/Grzesiek/Desktop/inzynierka/materiały qgis/miasta2.gpkg|layername=miasta2,"38",./0.png
23.692314769839,52.9585651277294,"363",OT_ADMS_P.336,2C9A9AB3-61F1-0F0D-E053-CA2BA8C04DCD,PL.PZGiK.335.BDOT10k,2021-10-15T00:00:00,fałsz,ADMS03,,Dok,"1",m,Ort,PRNG,,PU,2017-06-05,2020-10-02,2021-10-15T00:00:00,2012-11-15,,,,,,,,Odnoga-Kuźmy,"91212","2002075","34588","93",Ws,fałsz,"34588",PL.ZIPIN.1269,"91212",PL.PZGiK.204.PRNG,,,miasta2,C:/Users/Grzesiek/Desktop/inzynierka/materiały qgis/miasta2.gpkg|layername=miasta2,"93",./0.png
23.8417326424428,53.1449971980009,"365",OT_ADMS_P.364,2C9A9AB3-6360-0F0D-E053-CA2BA8C04DCD,PL.PZGiK.335.BDOT10k,2021-10-15T00:00:00,fałsz,ADMS03,,Dok,"1",m,Ort,PRNG,,PU,2017-06-05,2020-10-02,2021-10-15T00:00:00,2012-11-15,,,,,,,,Łużany,"74240","2002042","29162","40",Ws,fałsz,"29162",PL.ZIPIN.1267,"74240",PL.PZGiK.204.PRNG,,,miasta2,C:/Users/Grzesiek/Desktop/inzynierka/materiały qgis/miasta2.gpkg|layername=miasta2,"40",./0.png
23.174928689608,53.3733124424679,"366",OT_ADMS_P.190,2C9A9AB3-6362-0F0D-E053-CA2BA8C04DCD,PL.PZGiK.335.BDOT10k,2021-10-15T00:00:00,fałsz,ADMS03,,Dok,"1",m,Ort,PRNG,,PU,2017-06-05,2020-10-02,2021-10-15T00:00:00,2012-11-15,,,,,,,,Zdroje,"160592","2002025","25750","144",Ws,fałsz,"25750",PL.ZIPIN.1654,"160592",PL.PZGiK.204.PRNG,,,miasta2,C:/Users/Grzesiek/Desktop/inzynierka/materiały qgis/miasta2.gpkg|layername=miasta2,,./0.png
23.7957174937574,53.1255532404639,"367",OT_ADMS_P.358,2C9A9AB3-6364-0F0D-E053-CA2BA8C04DCD,PL.PZGiK.335.BDOT10k,2021-10-15T00:00:00,fałsz,ADMS03,,Dok,"1",m,Ort,PRNG,,PU,2017-06-05,2020-10-02,2021-10-15T00:00:00,2012-11-15,,,,,,,,Skroblaki,"124020","2002042","29311","29",Ws,fałsz,"29311",PL.ZIPIN.1267,"124020",PL.PZGiK.204.PRNG,,,miasta2,C:/Users/Grzesiek/Desktop/inzynierka/materiały qgis/miasta2.gpkg|layername=miasta2,"29",./0.png
23.6802721222102,52.972813085436,"368",OT_ADMS_P.332,2C9A9AB3-63A1-0F0D-E053-CA2BA8C04DCD,PL.PZGiK.335.BDOT10k,2021-10-15T00:00:00,fałsz,ADMS03,,Dok,"1",m,Ort,PRNG,,PU,2017-06-05,2020-10-02,2021-10-15T00:00:00,2012-11-15,,,,,,,,Planty,"101915","2002075","34677","58",Ws,fałsz,"34677",PL.ZIPIN.1269,"101915",PL.PZGiK.204.PRNG,,,miasta2,C:/Users/Grzesiek/Desktop/inzynierka/materiały qgis/miasta2.gpkg|layername=miasta2,"58",./0.png
23.4188159306112,53.1260631265295,"373",OT_ADMS_P.272,2C9A9AB3-61F8-0F0D-E053-CA2BA8C04DCD,PL.PZGiK.335.BDOT10k,2021-10-15T00:00:00,fałsz,ADMS03,,Dok,"1",m,Ort,PRNG,,PU,2017-06-05,2020-10-02,2021-10-15T00:00:00,2012-11-15,,,,,,,,Kołodno,"56459","2002042","29050","79",Ws,fałsz,"29050",PL.ZIPIN.1267,"56459",PL.PZGiK.204.PRNG,,,miasta2,C:/Users/Grzesiek/Desktop/inzynierka/materiały qgis/miasta2.gpkg|layername=miasta2,"79",./0.png
23.5848757304761,53.0326186075399,"374",OT_ADMS_P.316,2C9A9AB3-61F9-0F0D-E053-CA2BA8C04DCD,PL.PZGiK.335.BDOT10k,2021-10-15T00:00:00,fałsz,ADMS03,,Dok,"1",m,Ort,PRNG,,PU,2017-06-05,2020-10-02,2021-10-15T00:00:00,2012-11-15,,,,,,,,Krynica,"62888","2002075","34401","28",Ws,fałsz,"34401",PL.ZIPIN.1269,"62888",PL.PZGiK.204.PRNG,,,miasta2,C:/Users/Grzesiek/Desktop/inzynierka/materiały qgis/miasta2.gpkg|layername=miasta2,"28",./0.png
23.6441444754826,53.0811639714403,"375",OT_ADMS_P.321,2C9A9AB3-621D-0F0D-E053-CA2BA8C04DCD,PL.PZGiK.335.BDOT10k,2021-10-15T00:00:00,fałsz,ADMS03,,Dok,"1",m,Ort,PRNG,,PU,2017-06-05,2020-10-02,2021-10-15T00:00:00,2012-11-15,,,,,,,,Gródek,"39334","2002042","29015","2535",Ws,prawda,"29015",PL.ZIPIN.1267,"39334",PL.PZGiK.204.PRNG,,,miasta2,C:/Users/Grzesiek/Desktop/inzynierka/materiały qgis/miasta2.gpkg|layername=miasta2,"2535",./0.png
23.7875057878933,52.9752895417383,"377",OT_ADMS_P.360,2C9A9AB3-6366-0F0D-E053-CA2BA8C04DCD,PL.PZGiK.335.BDOT10k,2021-10-15T00:00:00,fałsz,ADMS03,,Dok,"1",m,Ort,PRNG,,PU,2017-06-05,2020-10-02,2021-10-15T00:00:00,2012-11-15,,,,,,,,Bachury,"1600","2002075","34111","167",Ws,fałsz,"34111",PL.ZIPIN.1269,"1600",PL.PZGiK.204.PRNG,,,miasta2,C:/Users/Grzesiek/Desktop/inzynierka/materiały qgis/miasta2.gpkg|layername=miasta2,,./0.png
23.8170722897557,52.9679370636809,"379",OT_ADMS_P.363,2C9A9AB3-6369-0F0D-E053-CA2BA8C04DCD,PL.PZGiK.335.BDOT10k,2021-10-15T00:00:00,fałsz,ADMS03,,Dok,"1",m,Ort,PRNG,,PU,2017-06-05,2020-10-02,2021-10-15T00:00:00,2012-11-15,,,,,,,,Leonowicze,"67178","2002075","34476","157",Ws,fałsz,"34476",PL.ZIPIN.1269,"67178",PL.PZGiK.204.PRNG,,,miasta2,C:/Users/Grzesiek/Desktop/inzynierka/materiały qgis/miasta2.gpkg|layername=miasta2,,./0.png
23.8587654199926,53.0245108165497,"381",OT_ADMS_P.368,2C9A9AB3-62DF-0F0D-E053-CA2BA8C04DCD,PL.PZGiK.335.BDOT10k,2021-10-15T00:00:00,fałsz,ADMS03,,Dok,"1",m,Ort,PRNG,,PU,2017-06-05,2020-10-02,2021-10-15T00:00:00,2012-11-15,,,,,,,,Kituryki,"53483","2002075","34358","10",Ws,fałsz,"34358",PL.ZIPIN.1269,"53483",PL.PZGiK.204.PRNG,,,miasta2,C:/Users/Grzesiek/Desktop/inzynierka/materiały qgis/miasta2.gpkg|layername=miasta2,,./0.png
